tank_id,building_id,timestamp,capacity_liters,current_level_liters,level_percentage,inlet_flow_rate_lpm,outlet_flow_rate_lpm
TANK_BLD_001_01,BLD_001,2025-10-01 00:00:00,5000,4290,85.8,154.4,151.4
TANK_BLD_001_01,BLD_001,2025-10-01 01:00:00,5000,4314,86.3,160.5,109.0
TANK_BLD_001_01,BLD_001,2025-10-01 02:00:00,5000,4051,81.0,176.3,141.8
TANK_BLD_001_01,BLD_001,2025-10-01 03:00:00,5000,4549,91.0,133.1,121.0
TANK_BLD_001_01,BLD_001,2025-10-01 04:00:00,5000,4344,86.9,150.2,113.9
TANK_BLD_001_01,BLD_001,2025-10-01 05:00:00,5000,4051,81.0,161.3,119.4
TANK_BLD_001_01,BLD_001,2025-10-01 06:00:00,5000,4432,88.6,160.6,123.7
TANK_BLD_001_01,BLD_001,2025-10-01 07:00:00,5000,4020,80.4,153.9,135.8
TANK_BLD_001_01,BLD_001,2025-10-01 08:00:00,5000,4328,86.6,143.9,131.6
TANK_BLD_001_01,BLD_001,2025-10-01 09:00:00,5000,4333,86.7,126.7,132.1
TANK_BLD_001_01,BLD_001,2025-10-01 10:00:00,5000,4342,86.8,141.6,115.1
TANK_BLD_001_01,BLD_001,2025-10-01 11:00:00,5000,4224,84.5,155.2,122.4
TANK_BLD_001_01,BLD_001,2025-10-01 12:00:00,5000,4275,85.5,138.4,123.3
TANK_BLD_001_01,BLD_001,2025-10-01 13:00:00,5000,4543,90.9,171.6,124.2
TANK_BLD_001_01,BLD_001,2025-10-01 14:00:00,5000,4477,89.5,153.0,99.9
TANK_BLD_001_01,BLD_001,2025-10-01 15:00:00,5000,4576,91.5,154.0,112.8
TANK_BLD_001_01,BLD_001,2025-10-01 16:00:00,5000,4577,91.5,161.5,114.9
TANK_BLD_001_01,BLD_001,2025-10-01 17:00:00,5000,4560,91.2,137.6,129.1
TANK_BLD_001_01,BLD_001,2025-10-01 18:00:00,5000,4200,84.0,155.7,132.1
TANK_BLD_001_01,BLD_001,2025-10-01 19:00:00,5000,4212,84.2,151.8,117.6
TANK_BLD_001_01,BLD_001,2025-10-01 20:00:00,5000,4436,88.7,153.5,125.0
TANK_BLD_001_01,BLD_001,2025-10-01 21:00:00,5000,4497,89.9,160.8,136.2
TANK_BLD_001_01,BLD_001,2025-10-01 22:00:00,5000,4256,85.1,154.1,128.8
TANK_BLD_001_01,BLD_001,2025-10-01 23:00:00,5000,4239,84.8,146.4,114.3
TANK_BLD_001_01,BLD_001,2025-10-02 00:00:00,5000,4326,86.5,136.5,111.3
TANK_BLD_001_01,BLD_001,2025-10-02 01:00:00,5000,4316,86.3,156.8,114.0
TANK_BLD_001_01,BLD_001,2025-10-02 02:00:00,5000,4291,85.8,133.2,122.8
TANK_BLD_001_01,BLD_001,2025-10-02 03:00:00,5000,4195,83.9,169.2,115.5
TANK_BLD_001_01,BLD_001,2025-10-02 04:00:00,5000,4462,89.2,158.3,104.2
TANK_BLD_001_01,BLD_001,2025-10-02 05:00:00,5000,4146,82.9,176.7,126.8
TANK_BLD_001_01,BLD_001,2025-10-02 06:00:00,5000,4481,89.6,164.5,132.8
TANK_BLD_001_01,BLD_001,2025-10-02 07:00:00,5000,4575,91.5,175.6,134.5
TANK_BLD_001_01,BLD_001,2025-10-02 08:00:00,5000,4510,90.2,168.0,130.5
TANK_BLD_001_01,BLD_001,2025-10-02 09:00:00,5000,4141,82.8,134.9,115.6
TANK_BLD_001_01,BLD_001,2025-10-02 10:00:00,5000,4303,86.1,151.2,119.9
TANK_BLD_001_01,BLD_001,2025-10-02 11:00:00,5000,4367,87.3,140.3,133.3
TANK_BLD_001_01,BLD_001,2025-10-02 12:00:00,5000,4499,90.0,172.9,130.7
TANK_BLD_001_01,BLD_001,2025-10-02 13:00:00,5000,4177,83.5,181.6,129.2
TANK_BLD_001_01,BLD_001,2025-10-02 14:00:00,5000,4353,87.1,150.2,120.4
TANK_BLD_001_01,BLD_001,2025-10-02 15:00:00,5000,4583,91.7,142.1,129.1
TANK_BLD_001_01,BLD_001,2025-10-02 16:00:00,5000,4256,85.1,141.6,139.9
TANK_BLD_001_01,BLD_001,2025-10-02 17:00:00,5000,4188,83.8,159.6,126.1
TANK_BLD_001_01,BLD_001,2025-10-02 18:00:00,5000,4585,91.7,141.3,145.6
TANK_BLD_001_01,BLD_001,2025-10-02 19:00:00,5000,4183,83.7,139.8,112.1
TANK_BLD_001_01,BLD_001,2025-10-02 20:00:00,5000,4246,84.9,141.9,113.7
TANK_BLD_001_01,BLD_001,2025-10-02 21:00:00,5000,4430,88.6,140.9,95.0
TANK_BLD_001_01,BLD_001,2025-10-02 22:00:00,5000,4089,81.8,136.8,117.5
TANK_BLD_001_01,BLD_001,2025-10-02 23:00:00,5000,4320,86.4,151.6,118.3
TANK_BLD_001_01,BLD_001,2025-10-03 00:00:00,5000,4340,86.8,141.2,139.4
TANK_BLD_001_01,BLD_001,2025-10-03 01:00:00,5000,4229,84.6,150.8,108.8
TANK_BLD_001_01,BLD_001,2025-10-03 02:00:00,5000,4309,86.2,175.3,117.3
TANK_BLD_001_01,BLD_001,2025-10-03 03:00:00,5000,4500,90.0,140.9,125.1
TANK_BLD_001_01,BLD_001,2025-10-03 04:00:00,5000,4373,87.5,153.5,113.9
TANK_BLD_001_01,BLD_001,2025-10-03 05:00:00,5000,4229,84.6,126.4,134.8
TANK_BLD_001_01,BLD_001,2025-10-03 06:00:00,5000,4018,80.4,162.1,120.9
TANK_BLD_001_01,BLD_001,2025-10-03 07:00:00,5000,4358,87.2,170.5,123.8
TANK_BLD_001_01,BLD_001,2025-10-03 08:00:00,5000,4315,86.3,152.5,110.0
TANK_BLD_001_01,BLD_001,2025-10-03 09:00:00,5000,4367,87.3,163.6,129.5
TANK_BLD_001_01,BLD_001,2025-10-03 10:00:00,5000,4462,89.2,133.1,127.8
TANK_BLD_001_01,BLD_001,2025-10-03 11:00:00,5000,4243,84.9,151.0,110.2
TANK_BLD_001_01,BLD_001,2025-10-03 12:00:00,5000,4188,83.8,150.5,101.4
TANK_BLD_001_01,BLD_001,2025-10-03 13:00:00,5000,4364,87.3,155.4,105.3
TANK_BLD_001_01,BLD_001,2025-10-03 14:00:00,5000,4256,85.1,161.3,97.3
TANK_BLD_001_01,BLD_001,2025-10-03 15:00:00,5000,4469,89.4,159.0,128.9
TANK_BLD_001_01,BLD_001,2025-10-03 16:00:00,5000,4456,89.1,171.2,112.5
TANK_BLD_001_01,BLD_001,2025-10-03 17:00:00,5000,4232,84.6,156.6,98.5
TANK_BLD_001_01,BLD_001,2025-10-03 18:00:00,5000,4192,83.8,145.9,87.2
TANK_BLD_001_01,BLD_001,2025-10-03 19:00:00,5000,4514,90.3,116.6,124.5
TANK_BLD_001_01,BLD_001,2025-10-03 20:00:00,5000,4149,83.0,156.6,89.3
TANK_BLD_001_01,BLD_001,2025-10-03 21:00:00,5000,4448,89.0,145.6,115.2
TANK_BLD_001_01,BLD_001,2025-10-03 22:00:00,5000,4228,84.6,131.2,100.7
TANK_BLD_001_01,BLD_001,2025-10-03 23:00:00,5000,4476,89.5,150.3,95.5
TANK_BLD_001_01,BLD_001,2025-10-04 00:00:00,5000,4374,87.5,161.5,108.7
TANK_BLD_001_01,BLD_001,2025-10-04 01:00:00,5000,4328,86.6,170.1,117.2
TANK_BLD_001_01,BLD_001,2025-10-04 02:00:00,5000,4146,82.9,152.4,131.9
TANK_BLD_001_01,BLD_001,2025-10-04 03:00:00,5000,4366,87.3,152.5,122.4
TANK_BLD_001_01,BLD_001,2025-10-04 04:00:00,5000,4361,87.2,143.9,138.7
TANK_BLD_001_01,BLD_001,2025-10-04 05:00:00,5000,4328,86.6,156.9,113.8
TANK_BLD_001_01,BLD_001,2025-10-04 06:00:00,5000,4001,80.0,159.4,100.5
TANK_BLD_001_01,BLD_001,2025-10-04 07:00:00,5000,4357,87.1,150.5,138.4
TANK_BLD_001_01,BLD_001,2025-10-04 08:00:00,5000,4306,86.1,149.8,141.4
TANK_BLD_001_01,BLD_001,2025-10-04 09:00:00,5000,4365,87.3,146.8,130.4
TANK_BLD_001_01,BLD_001,2025-10-04 10:00:00,5000,4231,84.6,150.1,114.1
TANK_BLD_001_01,BLD_001,2025-10-04 11:00:00,5000,4483,89.7,124.6,124.4
TANK_BLD_001_01,BLD_001,2025-10-04 12:00:00,5000,4472,89.4,163.9,109.0
TANK_BLD_001_01,BLD_001,2025-10-04 13:00:00,5000,4366,87.3,163.6,133.1
TANK_BLD_001_01,BLD_001,2025-10-04 14:00:00,5000,4475,89.5,144.4,100.5
TANK_BLD_001_01,BLD_001,2025-10-04 15:00:00,5000,4395,87.9,177.0,113.4
TANK_BLD_001_01,BLD_001,2025-10-04 16:00:00,5000,4380,87.6,153.8,115.8
TANK_BLD_001_01,BLD_001,2025-10-04 17:00:00,5000,4432,88.6,135.6,125.2
TANK_BLD_001_01,BLD_001,2025-10-04 18:00:00,5000,4161,83.2,127.2,111.1
TANK_BLD_001_01,BLD_001,2025-10-04 19:00:00,5000,4137,82.7,157.8,133.8
TANK_BLD_001_01,BLD_001,2025-10-04 20:00:00,5000,4339,86.8,150.4,119.8
TANK_BLD_001_01,BLD_001,2025-10-04 21:00:00,5000,4115,82.3,132.3,127.5
TANK_BLD_001_01,BLD_001,2025-10-04 22:00:00,5000,4122,82.4,132.8,130.8
TANK_BLD_001_01,BLD_001,2025-10-04 23:00:00,5000,4489,89.8,145.3,93.4
TANK_BLD_001_01,BLD_001,2025-10-05 00:00:00,5000,4579,91.6,162.1,108.7
TANK_BLD_001_01,BLD_001,2025-10-05 01:00:00,5000,4453,89.1,150.1,101.7
TANK_BLD_001_01,BLD_001,2025-10-05 02:00:00,5000,4210,84.2,158.9,135.7
TANK_BLD_001_01,BLD_001,2025-10-05 03:00:00,5000,4286,85.7,139.4,128.9
TANK_BLD_001_01,BLD_001,2025-10-05 04:00:00,5000,4452,89.0,143.3,136.4
TANK_BLD_001_01,BLD_001,2025-10-05 05:00:00,5000,4589,91.8,172.7,104.2
TANK_BLD_001_01,BLD_001,2025-10-05 06:00:00,5000,4097,81.9,161.3,128.7
TANK_BLD_001_01,BLD_001,2025-10-05 07:00:00,5000,4403,88.1,148.6,97.6
TANK_BLD_001_01,BLD_001,2025-10-05 08:00:00,5000,4066,81.3,125.7,117.8
TANK_BLD_001_01,BLD_001,2025-10-05 09:00:00,5000,4209,84.2,142.8,112.8
TANK_BLD_001_01,BLD_001,2025-10-05 10:00:00,5000,4046,80.9,150.9,129.9
TANK_BLD_001_01,BLD_001,2025-10-05 11:00:00,5000,4238,84.8,183.3,127.3
TANK_BLD_001_01,BLD_001,2025-10-05 12:00:00,5000,4553,91.1,141.6,109.4
TANK_BLD_001_01,BLD_001,2025-10-05 13:00:00,5000,4585,91.7,147.0,119.3
TANK_BLD_001_01,BLD_001,2025-10-05 14:00:00,5000,4089,81.8,155.7,117.6
TANK_BLD_001_01,BLD_001,2025-10-05 15:00:00,5000,4598,92.0,143.7,121.1
TANK_BLD_001_01,BLD_001,2025-10-05 16:00:00,5000,4049,81.0,112.1,114.1
TANK_BLD_001_01,BLD_001,2025-10-05 17:00:00,5000,4364,87.3,160.8,118.8
TANK_BLD_001_01,BLD_001,2025-10-05 18:00:00,5000,4321,86.4,159.5,123.7
TANK_BLD_001_01,BLD_001,2025-10-05 19:00:00,5000,4088,81.8,144.6,117.0
TANK_BLD_001_01,BLD_001,2025-10-05 20:00:00,5000,4084,81.7,119.7,121.7
TANK_BLD_001_01,BLD_001,2025-10-05 21:00:00,5000,4254,85.1,136.2,121.1
TANK_BLD_001_01,BLD_001,2025-10-05 22:00:00,5000,4191,83.8,160.0,120.5
TANK_BLD_001_01,BLD_001,2025-10-05 23:00:00,5000,4235,84.7,147.6,112.4
TANK_BLD_001_01,BLD_001,2025-10-06 00:00:00,5000,4087,81.7,158.7,104.0
TANK_BLD_001_01,BLD_001,2025-10-06 01:00:00,5000,4040,80.8,184.6,111.1
TANK_BLD_001_01,BLD_001,2025-10-06 02:00:00,5000,4253,85.1,168.8,112.8
TANK_BLD_001_01,BLD_001,2025-10-06 03:00:00,5000,4195,83.9,114.4,113.6
TANK_BLD_001_01,BLD_001,2025-10-06 04:00:00,5000,4206,84.1,149.5,118.6
TANK_BLD_001_01,BLD_001,2025-10-06 05:00:00,5000,4534,90.7,137.7,125.3
TANK_BLD_001_01,BLD_001,2025-10-06 06:00:00,5000,4355,87.1,154.9,127.6
TANK_BLD_001_01,BLD_001,2025-10-06 07:00:00,5000,4089,81.8,144.0,128.9
TANK_BLD_001_01,BLD_001,2025-10-06 08:00:00,5000,4272,85.4,167.8,121.1
TANK_BLD_001_01,BLD_001,2025-10-06 09:00:00,5000,4559,91.2,151.7,99.2
TANK_BLD_001_01,BLD_001,2025-10-06 10:00:00,5000,4288,85.8,142.8,149.3
TANK_BLD_001_01,BLD_001,2025-10-06 11:00:00,5000,4561,91.2,138.0,108.9
TANK_BLD_001_01,BLD_001,2025-10-06 12:00:00,5000,4552,91.0,152.8,111.5
TANK_BLD_001_01,BLD_001,2025-10-06 13:00:00,5000,4409,88.2,179.2,120.7
TANK_BLD_001_01,BLD_001,2025-10-06 14:00:00,5000,4104,82.1,139.2,118.0
TANK_BLD_001_01,BLD_001,2025-10-06 15:00:00,5000,4327,86.5,156.6,122.0
TANK_BLD_001_01,BLD_001,2025-10-06 16:00:00,5000,4444,88.9,161.2,120.9
TANK_BLD_001_01,BLD_001,2025-10-06 17:00:00,5000,4287,85.7,180.8,135.7
TANK_BLD_001_01,BLD_001,2025-10-06 18:00:00,5000,4246,84.9,144.3,124.9
TANK_BLD_001_01,BLD_001,2025-10-06 19:00:00,5000,4333,86.7,157.5,123.3
TANK_BLD_001_01,BLD_001,2025-10-06 20:00:00,5000,4530,90.6,183.5,121.6
TANK_BLD_001_01,BLD_001,2025-10-06 21:00:00,5000,4237,84.7,163.5,119.2
TANK_BLD_001_01,BLD_001,2025-10-06 22:00:00,5000,4558,91.2,154.5,93.2
TANK_BLD_001_01,BLD_001,2025-10-06 23:00:00,5000,4467,89.3,152.2,120.2
TANK_BLD_001_01,BLD_001,2025-10-07 00:00:00,5000,4273,85.5,163.7,128.0
TANK_BLD_001_01,BLD_001,2025-10-07 01:00:00,5000,4296,85.9,152.2,133.6
TANK_BLD_001_01,BLD_001,2025-10-07 02:00:00,5000,4247,84.9,146.4,109.5
TANK_BLD_001_01,BLD_001,2025-10-07 03:00:00,5000,4440,88.8,147.7,123.1
TANK_BLD_001_01,BLD_001,2025-10-07 04:00:00,5000,4213,84.3,157.0,109.8
TANK_BLD_001_01,BLD_001,2025-10-07 05:00:00,5000,4576,91.5,169.2,138.5
TANK_BLD_001_01,BLD_001,2025-10-07 06:00:00,5000,4332,86.6,153.6,114.9
TANK_BLD_001_01,BLD_001,2025-10-07 07:00:00,5000,4361,87.2,160.8,123.5
TANK_BLD_001_01,BLD_001,2025-10-07 08:00:00,5000,4470,89.4,150.4,121.9
TANK_BLD_001_01,BLD_001,2025-10-07 09:00:00,5000,4065,81.3,171.9,117.5
TANK_BLD_001_01,BLD_001,2025-10-07 10:00:00,5000,4017,80.3,150.1,141.1
TANK_BLD_001_01,BLD_001,2025-10-07 11:00:00,5000,4221,84.4,154.5,113.9
TANK_BLD_001_01,BLD_001,2025-10-07 12:00:00,5000,4193,83.9,162.4,104.7
TANK_BLD_001_01,BLD_001,2025-10-07 13:00:00,5000,4335,86.7,170.7,103.9
TANK_BLD_001_01,BLD_001,2025-10-07 14:00:00,5000,4163,83.3,140.4,128.3
TANK_BLD_001_01,BLD_001,2025-10-07 15:00:00,5000,4095,81.9,160.6,131.5
TANK_BLD_001_01,BLD_001,2025-10-07 16:00:00,5000,4110,82.2,139.6,133.3
TANK_BLD_001_01,BLD_001,2025-10-07 17:00:00,5000,4395,87.9,150.3,107.2
TANK_BLD_001_01,BLD_001,2025-10-07 18:00:00,5000,4011,80.2,139.5,117.9
TANK_BLD_001_01,BLD_001,2025-10-07 19:00:00,5000,4285,85.7,127.7,94.9
TANK_BLD_001_01,BLD_001,2025-10-07 20:00:00,5000,4027,80.5,169.4,111.6
TANK_BLD_001_01,BLD_001,2025-10-07 21:00:00,5000,4221,84.4,137.1,137.0
TANK_BLD_001_01,BLD_001,2025-10-07 22:00:00,5000,4254,85.1,159.1,121.0
TANK_BLD_001_01,BLD_001,2025-10-07 23:00:00,5000,4065,81.3,151.4,115.2
TANK_BLD_001_01,BLD_001,2025-10-08 00:00:00,5000,4569,91.4,149.9,123.4
TANK_BLD_001_01,BLD_001,2025-10-08 01:00:00,5000,4281,85.6,161.6,144.2
TANK_BLD_001_01,BLD_001,2025-10-08 02:00:00,5000,4380,87.6,155.5,126.7
TANK_BLD_001_01,BLD_001,2025-10-08 03:00:00,5000,4298,86.0,182.2,113.0
TANK_BLD_001_01,BLD_001,2025-10-08 04:00:00,5000,4273,85.5,144.9,119.6
TANK_BLD_001_01,BLD_001,2025-10-08 05:00:00,5000,4104,82.1,169.8,119.4
TANK_BLD_001_01,BLD_001,2025-10-08 06:00:00,5000,4167,83.3,118.0,123.7
TANK_BLD_001_01,BLD_001,2025-10-08 07:00:00,5000,4063,81.3,153.1,115.2
TANK_BLD_001_01,BLD_001,2025-10-08 08:00:00,5000,4209,84.2,155.9,101.8
TANK_BLD_001_01,BLD_001,2025-10-08 09:00:00,5000,4501,90.0,159.2,109.2
TANK_BLD_001_01,BLD_001,2025-10-08 10:00:00,5000,4037,80.7,149.7,130.4
TANK_BLD_001_01,BLD_001,2025-10-08 11:00:00,5000,4269,85.4,137.0,124.2
TANK_BLD_001_01,BLD_001,2025-10-08 12:00:00,5000,4304,86.1,172.0,155.5
TANK_BLD_001_01,BLD_001,2025-10-08 13:00:00,5000,4342,86.8,140.6,124.2
TANK_BLD_001_01,BLD_001,2025-10-08 14:00:00,5000,4342,86.8,177.3,128.2
TANK_BLD_001_01,BLD_001,2025-10-08 15:00:00,5000,4051,81.0,128.6,129.9
TANK_BLD_001_01,BLD_001,2025-10-08 16:00:00,5000,4304,86.1,161.1,131.8
TANK_BLD_001_01,BLD_001,2025-10-08 17:00:00,5000,4071,81.4,156.3,121.0
TANK_BLD_001_01,BLD_001,2025-10-08 18:00:00,5000,4094,81.9,156.8,129.4
TANK_BLD_001_01,BLD_001,2025-10-08 19:00:00,5000,4464,89.3,135.3,107.9
TANK_BLD_001_01,BLD_001,2025-10-08 20:00:00,5000,4544,90.9,141.6,117.9
TANK_BLD_001_01,BLD_001,2025-10-08 21:00:00,5000,4360,87.2,153.9,116.0
TANK_BLD_001_01,BLD_001,2025-10-08 22:00:00,5000,4385,87.7,154.5,124.7
TANK_BLD_001_01,BLD_001,2025-10-08 23:00:00,5000,4067,81.3,169.7,113.2
TANK_BLD_001_01,BLD_001,2025-10-09 00:00:00,5000,4250,85.0,159.5,124.9
TANK_BLD_001_01,BLD_001,2025-10-09 01:00:00,5000,4322,86.4,135.9,104.0
TANK_BLD_001_01,BLD_001,2025-10-09 02:00:00,5000,4206,84.1,132.8,110.7
TANK_BLD_001_01,BLD_001,2025-10-09 03:00:00,5000,4365,87.3,145.5,127.4
TANK_BLD_001_01,BLD_001,2025-10-09 04:00:00,5000,4112,82.2,157.5,128.4
TANK_BLD_001_01,BLD_001,2025-10-09 05:00:00,5000,4559,91.2,146.6,117.5
TANK_BLD_001_01,BLD_001,2025-10-09 06:00:00,5000,4325,86.5,143.8,148.6
TANK_BLD_001_01,BLD_001,2025-10-09 07:00:00,5000,4359,87.2,148.7,104.0
TANK_BLD_001_01,BLD_001,2025-10-09 08:00:00,5000,4395,87.9,177.5,111.7
TANK_BLD_001_01,BLD_001,2025-10-09 09:00:00,5000,4271,85.4,131.3,107.4
TANK_BLD_001_01,BLD_001,2025-10-09 10:00:00,5000,4247,84.9,143.7,131.9
TANK_BLD_001_01,BLD_001,2025-10-09 11:00:00,5000,4028,80.6,145.2,109.0
TANK_BLD_001_01,BLD_001,2025-10-09 12:00:00,5000,4443,88.9,159.3,99.5
TANK_BLD_001_01,BLD_001,2025-10-09 13:00:00,5000,4249,85.0,144.9,110.7
TANK_BLD_001_01,BLD_001,2025-10-09 14:00:00,5000,4435,88.7,136.1,123.3
TANK_BLD_001_01,BLD_001,2025-10-09 15:00:00,5000,4098,82.0,166.8,126.0
TANK_BLD_001_01,BLD_001,2025-10-09 16:00:00,5000,4210,84.2,132.3,124.1
TANK_BLD_001_01,BLD_001,2025-10-09 17:00:00,5000,4187,83.7,168.4,115.4
TANK_BLD_001_01,BLD_001,2025-10-09 18:00:00,5000,4425,88.5,141.9,129.9
TANK_BLD_001_01,BLD_001,2025-10-09 19:00:00,5000,4111,82.2,169.4,110.7
TANK_BLD_001_01,BLD_001,2025-10-09 20:00:00,5000,4047,80.9,122.2,141.1
TANK_BLD_001_01,BLD_001,2025-10-09 21:00:00,5000,4011,80.2,138.3,108.5
TANK_BLD_001_01,BLD_001,2025-10-09 22:00:00,5000,4067,81.3,130.2,128.1
TANK_BLD_001_01,BLD_001,2025-10-09 23:00:00,5000,4167,83.3,148.8,131.3
TANK_BLD_001_01,BLD_001,2025-10-10 00:00:00,5000,4235,84.7,156.9,123.0
TANK_BLD_001_01,BLD_001,2025-10-10 01:00:00,5000,4015,80.3,182.3,107.9
TANK_BLD_001_01,BLD_001,2025-10-10 02:00:00,5000,4191,83.8,128.4,117.5
TANK_BLD_001_01,BLD_001,2025-10-10 03:00:00,5000,4424,88.5,135.2,109.0
TANK_BLD_001_01,BLD_001,2025-10-10 04:00:00,5000,4528,90.6,160.4,102.1
TANK_BLD_001_01,BLD_001,2025-10-10 05:00:00,5000,4074,81.5,183.9,113.9
TANK_BLD_001_01,BLD_001,2025-10-10 06:00:00,5000,4509,90.2,159.7,113.4
TANK_BLD_001_01,BLD_001,2025-10-10 07:00:00,5000,4141,82.8,139.2,142.0
TANK_BLD_001_01,BLD_001,2025-10-10 08:00:00,5000,4069,81.4,136.0,128.5
TANK_BLD_001_01,BLD_001,2025-10-10 09:00:00,5000,4106,82.1,170.6,104.8
TANK_BLD_001_01,BLD_001,2025-10-10 10:00:00,5000,4140,82.8,111.8,107.9
TANK_BLD_001_01,BLD_001,2025-10-10 11:00:00,5000,4140,82.8,148.5,112.5
TANK_BLD_001_01,BLD_001,2025-10-10 12:00:00,5000,4473,89.5,160.7,125.1
TANK_BLD_001_01,BLD_001,2025-10-10 13:00:00,5000,4006,80.1,148.8,122.8
TANK_BLD_001_01,BLD_001,2025-10-10 14:00:00,5000,4594,91.9,147.1,100.1
TANK_BLD_001_01,BLD_001,2025-10-10 15:00:00,5000,4212,84.2,165.1,114.9
TANK_BLD_001_01,BLD_001,2025-10-10 16:00:00,5000,4448,89.0,136.8,119.1
TANK_BLD_001_01,BLD_001,2025-10-10 17:00:00,5000,4598,92.0,177.3,125.6
TANK_BLD_001_01,BLD_001,2025-10-10 18:00:00,5000,4244,84.9,160.2,120.9
TANK_BLD_001_01,BLD_001,2025-10-10 19:00:00,5000,4100,82.0,138.2,114.4
TANK_BLD_001_01,BLD_001,2025-10-10 20:00:00,5000,4475,89.5,152.0,97.2
TANK_BLD_001_01,BLD_001,2025-10-10 21:00:00,5000,4244,84.9,158.2,139.2
TANK_BLD_001_01,BLD_001,2025-10-10 22:00:00,5000,4142,82.8,149.0,99.3
TANK_BLD_001_01,BLD_001,2025-10-10 23:00:00,5000,4252,85.0,163.5,112.7
TANK_BLD_001_01,BLD_001,2025-10-11 00:00:00,5000,4289,85.8,133.8,126.5
TANK_BLD_001_01,BLD_001,2025-10-11 01:00:00,5000,4320,86.4,154.3,96.2
TANK_BLD_001_01,BLD_001,2025-10-11 02:00:00,5000,4468,89.4,140.0,134.8
TANK_BLD_001_01,BLD_001,2025-10-11 03:00:00,5000,4417,88.3,152.4,126.8
TANK_BLD_001_01,BLD_001,2025-10-11 04:00:00,5000,4089,81.8,139.7,123.7
TANK_BLD_001_01,BLD_001,2025-10-11 05:00:00,5000,4523,90.5,114.1,124.2
TANK_BLD_001_01,BLD_001,2025-10-11 06:00:00,5000,4034,80.7,162.0,117.2
TANK_BLD_001_01,BLD_001,2025-10-11 07:00:00,5000,4013,80.3,161.5,119.5
TANK_BLD_001_01,BLD_001,2025-10-11 08:00:00,5000,4237,84.7,177.5,99.9
TANK_BLD_001_01,BLD_001,2025-10-11 09:00:00,5000,4278,85.6,160.8,122.3
TANK_BLD_001_01,BLD_001,2025-10-11 10:00:00,5000,4064,81.3,141.7,105.2
TANK_BLD_001_01,BLD_001,2025-10-11 11:00:00,5000,4485,89.7,158.7,115.8
TANK_BLD_001_01,BLD_001,2025-10-11 12:00:00,5000,4033,80.7,151.4,128.1
TANK_BLD_001_01,BLD_001,2025-10-11 13:00:00,5000,4395,87.9,168.7,113.0
TANK_BLD_001_01,BLD_001,2025-10-11 14:00:00,5000,4100,82.0,148.1,113.5
TANK_BLD_001_01,BLD_001,2025-10-11 15:00:00,5000,4512,90.2,151.7,139.6
TANK_BLD_001_01,BLD_001,2025-10-11 16:00:00,5000,4343,86.9,159.4,133.7
TANK_BLD_001_01,BLD_001,2025-10-11 17:00:00,5000,4280,85.6,130.6,137.5
TANK_BLD_001_01,BLD_001,2025-10-11 18:00:00,5000,4371,87.4,121.6,136.2
TANK_BLD_001_01,BLD_001,2025-10-11 19:00:00,5000,4184,83.7,172.4,97.5
TANK_BLD_001_01,BLD_001,2025-10-11 20:00:00,5000,4257,85.1,163.2,110.5
TANK_BLD_001_01,BLD_001,2025-10-11 21:00:00,5000,4319,86.4,147.2,112.7
TANK_BLD_001_01,BLD_001,2025-10-11 22:00:00,5000,4531,90.6,138.2,133.6
TANK_BLD_001_01,BLD_001,2025-10-11 23:00:00,5000,4563,91.3,120.7,109.0
TANK_BLD_001_01,BLD_001,2025-10-12 00:00:00,5000,4323,86.5,157.1,124.9
TANK_BLD_001_01,BLD_001,2025-10-12 01:00:00,5000,4241,84.8,133.0,117.3
TANK_BLD_001_01,BLD_001,2025-10-12 02:00:00,5000,4029,80.6,141.5,122.2
TANK_BLD_001_01,BLD_001,2025-10-12 03:00:00,5000,4440,88.8,129.0,122.2
TANK_BLD_001_01,BLD_001,2025-10-12 04:00:00,5000,4324,86.5,146.2,104.4
TANK_BLD_001_01,BLD_001,2025-10-12 05:00:00,5000,4480,89.6,132.4,118.5
TANK_BLD_001_01,BLD_001,2025-10-12 06:00:00,5000,4434,88.7,158.9,110.7
TANK_BLD_001_01,BLD_001,2025-10-12 07:00:00,5000,4288,85.8,167.4,118.2
TANK_BLD_001_01,BLD_001,2025-10-12 08:00:00,5000,4425,88.5,175.8,124.1
TANK_BLD_001_01,BLD_001,2025-10-12 09:00:00,5000,4373,87.5,162.0,131.1
TANK_BLD_001_01,BLD_001,2025-10-12 10:00:00,5000,4415,88.3,157.3,132.9
TANK_BLD_001_01,BLD_001,2025-10-12 11:00:00,5000,4241,84.8,177.1,117.2
TANK_BLD_001_01,BLD_001,2025-10-12 12:00:00,5000,4526,90.5,136.9,104.9
TANK_BLD_001_01,BLD_001,2025-10-12 13:00:00,5000,4558,91.2,131.2,123.7
TANK_BLD_001_01,BLD_001,2025-10-12 14:00:00,5000,4398,88.0,138.1,128.0
TANK_BLD_001_01,BLD_001,2025-10-12 15:00:00,5000,4526,90.5,164.9,120.8
TANK_BLD_001_01,BLD_001,2025-10-12 16:00:00,5000,4198,84.0,149.4,111.3
TANK_BLD_001_01,BLD_001,2025-10-12 17:00:00,5000,4162,83.2,160.3,124.1
TANK_BLD_001_01,BLD_001,2025-10-12 18:00:00,5000,4272,85.4,158.6,125.4
TANK_BLD_001_01,BLD_001,2025-10-12 19:00:00,5000,4427,88.5,185.1,121.7
TANK_BLD_001_01,BLD_001,2025-10-12 20:00:00,5000,4420,88.4,161.3,112.8
TANK_BLD_001_01,BLD_001,2025-10-12 21:00:00,5000,4570,91.4,178.0,116.1
TANK_BLD_001_01,BLD_001,2025-10-12 22:00:00,5000,4442,88.8,158.7,144.0
TANK_BLD_001_01,BLD_001,2025-10-12 23:00:00,5000,4529,90.6,139.5,119.0
TANK_BLD_001_01,BLD_001,2025-10-13 00:00:00,5000,4507,90.1,163.4,125.3
TANK_BLD_001_01,BLD_001,2025-10-13 01:00:00,5000,4083,81.7,155.0,115.4
TANK_BLD_001_01,BLD_001,2025-10-13 02:00:00,5000,4494,89.9,139.4,124.8
TANK_BLD_001_01,BLD_001,2025-10-13 03:00:00,5000,4400,88.0,147.3,131.4
TANK_BLD_001_01,BLD_001,2025-10-13 04:00:00,5000,4248,85.0,137.7,118.7
TANK_BLD_001_01,BLD_001,2025-10-13 05:00:00,5000,4535,90.7,172.6,126.1
TANK_BLD_001_01,BLD_001,2025-10-13 06:00:00,5000,4122,82.4,167.9,136.0
TANK_BLD_001_01,BLD_001,2025-10-13 07:00:00,5000,4541,90.8,126.2,137.1
TANK_BLD_001_01,BLD_001,2025-10-13 08:00:00,5000,4034,80.7,132.5,134.5
TANK_BLD_001_01,BLD_001,2025-10-13 09:00:00,5000,4281,85.6,158.9,123.1
TANK_BLD_001_01,BLD_001,2025-10-13 10:00:00,5000,4495,89.9,117.4,108.5
TANK_BLD_001_01,BLD_001,2025-10-13 11:00:00,5000,4144,82.9,137.2,116.7
TANK_BLD_001_01,BLD_001,2025-10-13 12:00:00,5000,4583,91.7,134.5,122.5
TANK_BLD_001_01,BLD_001,2025-10-13 13:00:00,5000,4212,84.2,175.3,148.9
TANK_BLD_001_01,BLD_001,2025-10-13 14:00:00,5000,4021,80.4,134.0,122.8
TANK_BLD_001_01,BLD_001,2025-10-13 15:00:00,5000,4025,80.5,172.1,102.6
TANK_BLD_001_01,BLD_001,2025-10-13 16:00:00,5000,4067,81.3,138.5,99.2
TANK_BLD_001_01,BLD_001,2025-10-13 17:00:00,5000,4096,81.9,137.0,120.2
TANK_BLD_001_01,BLD_001,2025-10-13 18:00:00,5000,4028,80.6,125.3,121.6
TANK_BLD_001_01,BLD_001,2025-10-13 19:00:00,5000,4057,81.1,162.1,118.2
TANK_BLD_001_01,BLD_001,2025-10-13 20:00:00,5000,4435,88.7,153.6,122.4
TANK_BLD_001_01,BLD_001,2025-10-13 21:00:00,5000,4584,91.7,158.6,136.7
TANK_BLD_001_01,BLD_001,2025-10-13 22:00:00,5000,4219,84.4,158.4,108.6
TANK_BLD_001_01,BLD_001,2025-10-13 23:00:00,5000,4597,91.9,176.4,116.9
TANK_BLD_001_01,BLD_001,2025-10-14 00:00:00,5000,4297,85.9,120.8,102.3
TANK_BLD_001_01,BLD_001,2025-10-14 01:00:00,5000,4303,86.1,170.0,111.4
TANK_BLD_001_01,BLD_001,2025-10-14 02:00:00,5000,4525,90.5,145.7,124.9
TANK_BLD_001_01,BLD_001,2025-10-14 03:00:00,5000,4538,90.8,130.7,107.2
TANK_BLD_001_01,BLD_001,2025-10-14 04:00:00,5000,4436,88.7,145.7,118.5
TANK_BLD_001_01,BLD_001,2025-10-14 05:00:00,5000,4224,84.5,136.0,134.4
TANK_BLD_001_01,BLD_001,2025-10-14 06:00:00,5000,4378,87.6,168.7,130.2
TANK_BLD_001_01,BLD_001,2025-10-14 07:00:00,5000,4538,90.8,131.8,117.1
TANK_BLD_001_01,BLD_001,2025-10-14 08:00:00,5000,4191,83.8,175.6,113.5
TANK_BLD_001_01,BLD_001,2025-10-14 09:00:00,5000,4008,80.2,165.9,111.7
TANK_BLD_001_01,BLD_001,2025-10-14 10:00:00,5000,4403,88.1,162.1,127.2
TANK_BLD_001_01,BLD_001,2025-10-14 11:00:00,5000,4470,89.4,140.8,142.3
TANK_BLD_001_01,BLD_001,2025-10-14 12:00:00,5000,4590,91.8,129.5,123.8
TANK_BLD_001_01,BLD_001,2025-10-14 13:00:00,5000,4176,83.5,157.2,122.6
TANK_BLD_001_01,BLD_001,2025-10-14 14:00:00,5000,4107,82.1,146.6,125.1
TANK_BLD_001_01,BLD_001,2025-10-14 15:00:00,5000,4226,84.5,131.0,134.4
TANK_BLD_001_01,BLD_001,2025-10-14 16:00:00,5000,4526,90.5,139.9,109.0
TANK_BLD_001_01,BLD_001,2025-10-14 17:00:00,5000,4068,81.4,171.8,106.5
TANK_BLD_001_01,BLD_001,2025-10-14 18:00:00,5000,4135,82.7,156.5,101.9
TANK_BLD_001_01,BLD_001,2025-10-14 19:00:00,5000,4336,86.7,161.3,129.4
TANK_BLD_001_01,BLD_001,2025-10-14 20:00:00,5000,4402,88.0,164.5,118.5
TANK_BLD_001_01,BLD_001,2025-10-14 21:00:00,5000,4374,87.5,148.4,116.8
TANK_BLD_001_01,BLD_001,2025-10-14 22:00:00,5000,4343,86.9,155.9,140.8
TANK_BLD_001_01,BLD_001,2025-10-14 23:00:00,5000,4472,89.4,137.3,113.0
TANK_BLD_001_02,BLD_001,2025-10-01 00:00:00,3000,2419,80.6,176.6,128.3
TANK_BLD_001_02,BLD_001,2025-10-01 01:00:00,3000,2517,83.9,141.8,121.7
TANK_BLD_001_02,BLD_001,2025-10-01 02:00:00,3000,2436,81.2,136.0,137.2
TANK_BLD_001_02,BLD_001,2025-10-01 03:00:00,3000,2642,88.1,153.9,123.0
TANK_BLD_001_02,BLD_001,2025-10-01 04:00:00,3000,2462,82.1,176.1,118.8
TANK_BLD_001_02,BLD_001,2025-10-01 05:00:00,3000,2679,89.3,139.9,128.5
TANK_BLD_001_02,BLD_001,2025-10-01 06:00:00,3000,2469,82.3,172.9,126.8
TANK_BLD_001_02,BLD_001,2025-10-01 07:00:00,3000,2515,83.8,154.6,113.2
TANK_BLD_001_02,BLD_001,2025-10-01 08:00:00,3000,2508,83.6,146.2,117.1
TANK_BLD_001_02,BLD_001,2025-10-01 09:00:00,3000,2513,83.8,123.9,133.7
TANK_BLD_001_02,BLD_001,2025-10-01 10:00:00,3000,2407,80.2,145.7,113.4
TANK_BLD_001_02,BLD_001,2025-10-01 11:00:00,3000,2637,87.9,152.0,109.2
TANK_BLD_001_02,BLD_001,2025-10-01 12:00:00,3000,2443,81.4,141.7,114.2
TANK_BLD_001_02,BLD_001,2025-10-01 13:00:00,3000,2424,80.8,143.6,144.0
TANK_BLD_001_02,BLD_001,2025-10-01 14:00:00,3000,2699,90.0,165.7,110.9
TANK_BLD_001_02,BLD_001,2025-10-01 15:00:00,3000,2510,83.7,125.2,110.8
TANK_BLD_001_02,BLD_001,2025-10-01 16:00:00,3000,2429,81.0,151.2,128.4
TANK_BLD_001_02,BLD_001,2025-10-01 17:00:00,3000,2684,89.5,152.9,145.6
TANK_BLD_001_02,BLD_001,2025-10-01 18:00:00,3000,2432,81.1,135.0,125.0
TANK_BLD_001_02,BLD_001,2025-10-01 19:00:00,3000,2549,85.0,168.8,126.9
TANK_BLD_001_02,BLD_001,2025-10-01 20:00:00,3000,2647,88.2,136.6,125.2
TANK_BLD_001_02,BLD_001,2025-10-01 21:00:00,3000,2525,84.2,149.2,109.5
TANK_BLD_001_02,BLD_001,2025-10-01 22:00:00,3000,2708,90.3,141.0,120.8
TANK_BLD_001_02,BLD_001,2025-10-01 23:00:00,3000,2751,91.7,147.5,121.8
TANK_BLD_001_02,BLD_001,2025-10-02 00:00:00,3000,2732,91.1,118.2,110.2
TANK_BLD_001_02,BLD_001,2025-10-02 01:00:00,3000,2566,85.5,157.1,131.9
TANK_BLD_001_02,BLD_001,2025-10-02 02:00:00,3000,2421,80.7,161.0,135.9
TANK_BLD_001_02,BLD_001,2025-10-02 03:00:00,3000,2468,82.3,152.1,118.5
TANK_BLD_001_02,BLD_001,2025-10-02 04:00:00,3000,2551,85.0,150.9,146.0
TANK_BLD_001_02,BLD_001,2025-10-02 05:00:00,3000,2662,88.7,122.5,117.8
TANK_BLD_001_02,BLD_001,2025-10-02 06:00:00,3000,2531,84.4,148.5,133.7
TANK_BLD_001_02,BLD_001,2025-10-02 07:00:00,3000,2477,82.6,137.1,125.9
TANK_BLD_001_02,BLD_001,2025-10-02 08:00:00,3000,2485,82.8,165.4,128.5
TANK_BLD_001_02,BLD_001,2025-10-02 09:00:00,3000,2486,82.9,137.1,107.0
TANK_BLD_001_02,BLD_001,2025-10-02 10:00:00,3000,2615,87.2,166.2,128.3
TANK_BLD_001_02,BLD_001,2025-10-02 11:00:00,3000,2580,86.0,135.4,96.6
TANK_BLD_001_02,BLD_001,2025-10-02 12:00:00,3000,2540,84.7,142.5,104.8
TANK_BLD_001_02,BLD_001,2025-10-02 13:00:00,3000,2596,86.5,140.2,147.8
TANK_BLD_001_02,BLD_001,2025-10-02 14:00:00,3000,2692,89.7,150.5,139.0
TANK_BLD_001_02,BLD_001,2025-10-02 15:00:00,3000,2708,90.3,162.0,128.6
TANK_BLD_001_02,BLD_001,2025-10-02 16:00:00,3000,2744,91.5,136.3,109.0
TANK_BLD_001_02,BLD_001,2025-10-02 17:00:00,3000,2720,90.7,152.6,112.9
TANK_BLD_001_02,BLD_001,2025-10-02 18:00:00,3000,2452,81.7,131.7,120.2
TANK_BLD_001_02,BLD_001,2025-10-02 19:00:00,3000,2446,81.5,138.1,116.6
TANK_BLD_001_02,BLD_001,2025-10-02 20:00:00,3000,2516,83.9,132.8,105.1
TANK_BLD_001_02,BLD_001,2025-10-02 21:00:00,3000,2702,90.1,170.0,131.3
TANK_BLD_001_02,BLD_001,2025-10-02 22:00:00,3000,2629,87.6,176.2,131.5
TANK_BLD_001_02,BLD_001,2025-10-02 23:00:00,3000,2634,87.8,150.6,126.7
TANK_BLD_001_02,BLD_001,2025-10-03 00:00:00,3000,2536,84.5,152.2,139.1
TANK_BLD_001_02,BLD_001,2025-10-03 01:00:00,3000,2405,80.2,163.5,131.0
TANK_BLD_001_02,BLD_001,2025-10-03 02:00:00,3000,2459,82.0,134.9,118.7
TANK_BLD_001_02,BLD_001,2025-10-03 03:00:00,3000,2617,87.2,127.7,104.8
TANK_BLD_001_02,BLD_001,2025-10-03 04:00:00,3000,2698,89.9,153.9,120.5
TANK_BLD_001_02,BLD_001,2025-10-03 05:00:00,3000,2612,87.1,167.7,101.5
TANK_BLD_001_02,BLD_001,2025-10-03 06:00:00,3000,2576,85.9,148.8,121.4
TANK_BLD_001_02,BLD_001,2025-10-03 07:00:00,3000,2699,90.0,137.7,121.7
TANK_BLD_001_02,BLD_001,2025-10-03 08:00:00,3000,2615,87.2,134.3,128.4
TANK_BLD_001_02,BLD_001,2025-10-03 09:00:00,3000,2542,84.7,124.8,135.8
TANK_BLD_001_02,BLD_001,2025-10-03 10:00:00,3000,2535,84.5,161.6,130.3
TANK_BLD_001_02,BLD_001,2025-10-03 11:00:00,3000,2404,80.1,169.8,100.6
TANK_BLD_001_02,BLD_001,2025-10-03 12:00:00,3000,2563,85.4,144.2,137.2
TANK_BLD_001_02,BLD_001,2025-10-03 13:00:00,3000,2455,81.8,139.2,125.3
TANK_BLD_001_02,BLD_001,2025-10-03 14:00:00,3000,2518,83.9,129.8,117.0
TANK_BLD_001_02,BLD_001,2025-10-03 15:00:00,3000,2562,85.4,153.1,105.8
TANK_BLD_001_02,BLD_001,2025-10-03 16:00:00,3000,2639,88.0,141.6,112.3
TANK_BLD_001_02,BLD_001,2025-10-03 17:00:00,3000,2638,87.9,149.0,80.0
TANK_BLD_001_02,BLD_001,2025-10-03 18:00:00,3000,2446,81.5,157.0,134.6
TANK_BLD_001_02,BLD_001,2025-10-03 19:00:00,3000,2449,81.6,167.6,114.3
TANK_BLD_001_02,BLD_001,2025-10-03 20:00:00,3000,2605,86.8,145.9,109.9
TANK_BLD_001_02,BLD_001,2025-10-03 21:00:00,3000,2487,82.9,168.3,120.7
TANK_BLD_001_02,BLD_001,2025-10-03 22:00:00,3000,2557,85.2,163.1,118.3
TANK_BLD_001_02,BLD_001,2025-10-03 23:00:00,3000,2607,86.9,125.7,125.4
TANK_BLD_001_02,BLD_001,2025-10-04 00:00:00,3000,2619,87.3,121.8,136.6
TANK_BLD_001_02,BLD_001,2025-10-04 01:00:00,3000,2757,91.9,155.0,126.1
TANK_BLD_001_02,BLD_001,2025-10-04 02:00:00,3000,2593,86.4,129.9,118.1
TANK_BLD_001_02,BLD_001,2025-10-04 03:00:00,3000,2510,83.7,146.2,138.1
TANK_BLD_001_02,BLD_001,2025-10-04 04:00:00,3000,2718,90.6,150.4,105.8
TANK_BLD_001_02,BLD_001,2025-10-04 05:00:00,3000,2633,87.8,165.0,120.5
TANK_BLD_001_02,BLD_001,2025-10-04 06:00:00,3000,2756,91.9,155.8,110.5
TANK_BLD_001_02,BLD_001,2025-10-04 07:00:00,3000,2534,84.5,140.7,138.4
TANK_BLD_001_02,BLD_001,2025-10-04 08:00:00,3000,2626,87.5,154.1,138.3
TANK_BLD_001_02,BLD_001,2025-10-04 09:00:00,3000,2594,86.5,147.4,110.3
TANK_BLD_001_02,BLD_001,2025-10-04 10:00:00,3000,2596,86.5,163.9,118.9
TANK_BLD_001_02,BLD_001,2025-10-04 11:00:00,3000,2726,90.9,143.4,133.6
TANK_BLD_001_02,BLD_001,2025-10-04 12:00:00,3000,2658,88.6,129.2,113.5
TANK_BLD_001_02,BLD_001,2025-10-04 13:00:00,3000,2523,84.1,146.9,113.6
TANK_BLD_001_02,BLD_001,2025-10-04 14:00:00,3000,2566,85.5,148.6,122.8
TANK_BLD_001_02,BLD_001,2025-10-04 15:00:00,3000,2725,90.8,140.0,113.0
TANK_BLD_001_02,BLD_001,2025-10-04 16:00:00,3000,2587,86.2,145.5,121.4
TANK_BLD_001_02,BLD_001,2025-10-04 17:00:00,3000,2480,82.7,120.2,113.8
TANK_BLD_001_02,BLD_001,2025-10-04 18:00:00,3000,2657,88.6,131.4,120.5
TANK_BLD_001_02,BLD_001,2025-10-04 19:00:00,3000,2722,90.7,165.4,108.9
TANK_BLD_001_02,BLD_001,2025-10-04 20:00:00,3000,2681,89.4,150.0,126.6
TANK_BLD_001_02,BLD_001,2025-10-04 21:00:00,3000,2622,87.4,168.7,106.1
TANK_BLD_001_02,BLD_001,2025-10-04 22:00:00,3000,2567,85.6,166.9,117.6
TANK_BLD_001_02,BLD_001,2025-10-04 23:00:00,3000,2418,80.6,101.2,145.3
TANK_BLD_001_02,BLD_001,2025-10-05 00:00:00,3000,2530,84.3,175.5,130.1
TANK_BLD_001_02,BLD_001,2025-10-05 01:00:00,3000,2736,91.2,159.3,134.5
TANK_BLD_001_02,BLD_001,2025-10-05 02:00:00,3000,2442,81.4,135.3,115.9
TANK_BLD_001_02,BLD_001,2025-10-05 03:00:00,3000,2717,90.6,162.4,129.6
TANK_BLD_001_02,BLD_001,2025-10-05 04:00:00,3000,2635,87.8,132.1,120.3
TANK_BLD_001_02,BLD_001,2025-10-05 05:00:00,3000,2519,84.0,156.3,111.9
TANK_BLD_001_02,BLD_001,2025-10-05 06:00:00,3000,2458,81.9,165.8,133.3
TANK_BLD_001_02,BLD_001,2025-10-05 07:00:00,3000,2565,85.5,143.9,110.4
TANK_BLD_001_02,BLD_001,2025-10-05 08:00:00,3000,2515,83.8,140.1,124.1
TANK_BLD_001_02,BLD_001,2025-10-05 09:00:00,3000,2698,89.9,139.6,126.9
TANK_BLD_001_02,BLD_001,2025-10-05 10:00:00,3000,2659,88.6,167.7,129.6
TANK_BLD_001_02,BLD_001,2025-10-05 11:00:00,3000,2468,82.3,143.0,112.7
TANK_BLD_001_02,BLD_001,2025-10-05 12:00:00,3000,2532,84.4,160.0,129.9
TANK_BLD_001_02,BLD_001,2025-10-05 13:00:00,3000,2733,91.1,133.9,131.6
TANK_BLD_001_02,BLD_001,2025-10-05 14:00:00,3000,2520,84.0,136.0,121.3
TANK_BLD_001_02,BLD_001,2025-10-05 15:00:00,3000,2631,87.7,166.5,102.7
TANK_BLD_001_02,BLD_001,2025-10-05 16:00:00,3000,2700,90.0,162.1,120.7
TANK_BLD_001_02,BLD_001,2025-10-05 17:00:00,3000,2475,82.5,127.2,139.8
TANK_BLD_001_02,BLD_001,2025-10-05 18:00:00,3000,2679,89.3,148.1,149.8
TANK_BLD_001_02,BLD_001,2025-10-05 19:00:00,3000,2729,91.0,130.7,113.2
TANK_BLD_001_02,BLD_001,2025-10-05 20:00:00,3000,2619,87.3,135.0,144.4
TANK_BLD_001_02,BLD_001,2025-10-05 21:00:00,3000,2575,85.8,146.8,116.5
TANK_BLD_001_02,BLD_001,2025-10-05 22:00:00,3000,2751,91.7,156.2,122.7
TANK_BLD_001_02,BLD_001,2025-10-05 23:00:00,3000,2509,83.6,163.1,131.9
TANK_BLD_001_02,BLD_001,2025-10-06 00:00:00,3000,2506,83.5,181.7,130.1
TANK_BLD_001_02,BLD_001,2025-10-06 01:00:00,3000,2573,85.8,155.6,124.4
TANK_BLD_001_02,BLD_001,2025-10-06 02:00:00,3000,2706,90.2,149.2,136.9
TANK_BLD_001_02,BLD_001,2025-10-06 03:00:00,3000,2537,84.6,149.4,135.4
TANK_BLD_001_02,BLD_001,2025-10-06 04:00:00,3000,2489,83.0,132.7,120.3
TANK_BLD_001_02,BLD_001,2025-10-06 05:00:00,3000,2649,88.3,131.7,110.0
TANK_BLD_001_02,BLD_001,2025-10-06 06:00:00,3000,2744,91.5,160.3,127.9
TANK_BLD_001_02,BLD_001,2025-10-06 07:00:00,3000,2625,87.5,157.2,127.6
TANK_BLD_001_02,BLD_001,2025-10-06 08:00:00,3000,2616,87.2,148.0,127.3
TANK_BLD_001_02,BLD_001,2025-10-06 09:00:00,3000,2590,86.3,151.7,107.5
TANK_BLD_001_02,BLD_001,2025-10-06 10:00:00,3000,2620,87.3,148.7,123.2
TANK_BLD_001_02,BLD_001,2025-10-06 11:00:00,3000,2757,91.9,167.4,118.2
TANK_BLD_001_02,BLD_001,2025-10-06 12:00:00,3000,2478,82.6,158.0,120.1
TANK_BLD_001_02,BLD_001,2025-10-06 13:00:00,3000,2741,91.4,165.3,127.5
TANK_BLD_001_02,BLD_001,2025-10-06 14:00:00,3000,2464,82.1,161.7,137.6
TANK_BLD_001_02,BLD_001,2025-10-06 15:00:00,3000,2433,81.1,139.6,125.2
TANK_BLD_001_02,BLD_001,2025-10-06 16:00:00,3000,2568,85.6,160.9,95.3
TANK_BLD_001_02,BLD_001,2025-10-06 17:00:00,3000,2654,88.5,152.5,143.8
TANK_BLD_001_02,BLD_001,2025-10-06 18:00:00,3000,2567,85.6,165.4,116.5
TANK_BLD_001_02,BLD_001,2025-10-06 19:00:00,3000,2519,84.0,163.1,109.6
TANK_BLD_001_02,BLD_001,2025-10-06 20:00:00,3000,2530,84.3,143.3,130.9
TANK_BLD_001_02,BLD_001,2025-10-06 21:00:00,3000,2653,88.4,148.2,114.1
TANK_BLD_001_02,BLD_001,2025-10-06 22:00:00,3000,2524,84.1,169.4,118.1
TANK_BLD_001_02,BLD_001,2025-10-06 23:00:00,3000,2652,88.4,153.2,115.0
TANK_BLD_001_02,BLD_001,2025-10-07 00:00:00,3000,2593,86.4,148.1,117.8
TANK_BLD_001_02,BLD_001,2025-10-07 01:00:00,3000,2581,86.0,160.0,122.2
TANK_BLD_001_02,BLD_001,2025-10-07 02:00:00,3000,2580,86.0,148.3,131.8
TANK_BLD_001_02,BLD_001,2025-10-07 03:00:00,3000,2500,83.3,147.0,128.9
TANK_BLD_001_02,BLD_001,2025-10-07 04:00:00,3000,2581,86.0,167.9,104.9
TANK_BLD_001_02,BLD_001,2025-10-07 05:00:00,3000,2758,91.9,157.7,112.1
TANK_BLD_001_02,BLD_001,2025-10-07 06:00:00,3000,2418,80.6,123.1,125.6
TANK_BLD_001_02,BLD_001,2025-10-07 07:00:00,3000,2448,81.6,139.3,128.2
TANK_BLD_001_02,BLD_001,2025-10-07 08:00:00,3000,2481,82.7,159.2,100.9
TANK_BLD_001_02,BLD_001,2025-10-07 09:00:00,3000,2637,87.9,122.1,110.8
TANK_BLD_001_02,BLD_001,2025-10-07 10:00:00,3000,2718,90.6,158.2,135.0
TANK_BLD_001_02,BLD_001,2025-10-07 11:00:00,3000,2522,84.1,162.4,125.8
TANK_BLD_001_02,BLD_001,2025-10-07 12:00:00,3000,2614,87.1,160.4,129.5
TANK_BLD_001_02,BLD_001,2025-10-07 13:00:00,3000,2606,86.9,166.5,109.9
TANK_BLD_001_02,BLD_001,2025-10-07 14:00:00,3000,2474,82.5,159.6,127.1
TANK_BLD_001_02,BLD_001,2025-10-07 15:00:00,3000,2696,89.9,129.2,118.5
TANK_BLD_001_02,BLD_001,2025-10-07 16:00:00,3000,2436,81.2,157.7,123.9
TANK_BLD_001_02,BLD_001,2025-10-07 17:00:00,3000,2634,87.8,149.5,122.7
TANK_BLD_001_02,BLD_001,2025-10-07 18:00:00,3000,2614,87.1,161.0,130.3
TANK_BLD_001_02,BLD_001,2025-10-07 19:00:00,3000,2748,91.6,153.0,108.5
TANK_BLD_001_02,BLD_001,2025-10-07 20:00:00,3000,2649,88.3,150.2,125.1
TANK_BLD_001_02,BLD_001,2025-10-07 21:00:00,3000,2699,90.0,122.8,99.6
TANK_BLD_001_02,BLD_001,2025-10-07 22:00:00,3000,2491,83.0,156.7,134.1
TANK_BLD_001_02,BLD_001,2025-10-07 23:00:00,3000,2745,91.5,147.5,118.8
TANK_BLD_001_02,BLD_001,2025-10-08 00:00:00,3000,2577,85.9,146.8,115.6
TANK_BLD_001_02,BLD_001,2025-10-08 01:00:00,3000,2445,81.5,145.1,117.3
TANK_BLD_001_02,BLD_001,2025-10-08 02:00:00,3000,2743,91.4,143.5,99.4
TANK_BLD_001_02,BLD_001,2025-10-08 03:00:00,3000,2724,90.8,165.4,138.5
TANK_BLD_001_02,BLD_001,2025-10-08 04:00:00,3000,2654,88.5,162.1,123.6
TANK_BLD_001_02,BLD_001,2025-10-08 05:00:00,3000,2593,86.4,159.2,115.7
TANK_BLD_001_02,BLD_001,2025-10-08 06:00:00,3000,2595,86.5,158.5,118.4
TANK_BLD_001_02,BLD_001,2025-10-08 07:00:00,3000,2490,83.0,152.5,132.0
TANK_BLD_001_02,BLD_001,2025-10-08 08:00:00,3000,2633,87.8,155.1,125.5
TANK_BLD_001_02,BLD_001,2025-10-08 09:00:00,3000,2627,87.6,147.8,106.6
TANK_BLD_001_02,BLD_001,2025-10-08 10:00:00,3000,2539,84.6,141.9,125.4
TANK_BLD_001_02,BLD_001,2025-10-08 11:00:00,3000,2751,91.7,139.6,98.4
TANK_BLD_001_02,BLD_001,2025-10-08 12:00:00,3000,2499,83.3,140.3,121.4
TANK_BLD_001_02,BLD_001,2025-10-08 13:00:00,3000,2454,81.8,138.7,127.1
TANK_BLD_001_02,BLD_001,2025-10-08 14:00:00,3000,2485,82.8,144.1,119.4
TANK_BLD_001_02,BLD_001,2025-10-08 15:00:00,3000,2525,84.2,141.8,123.2
TANK_BLD_001_02,BLD_001,2025-10-08 16:00:00,3000,2720,90.7,176.3,105.2
TANK_BLD_001_02,BLD_001,2025-10-08 17:00:00,3000,2520,84.0,157.7,129.5
TANK_BLD_001_02,BLD_001,2025-10-08 18:00:00,3000,2526,84.2,151.2,120.5
TANK_BLD_001_02,BLD_001,2025-10-08 19:00:00,3000,2434,81.1,144.6,97.3
TANK_BLD_001_02,BLD_001,2025-10-08 20:00:00,3000,2579,86.0,122.2,124.7
TANK_BLD_001_02,BLD_001,2025-10-08 21:00:00,3000,2640,88.0,164.9,142.3
TANK_BLD_001_02,BLD_001,2025-10-08 22:00:00,3000,2441,81.4,117.1,115.8
TANK_BLD_001_02,BLD_001,2025-10-08 23:00:00,3000,2577,85.9,149.4,129.9
TANK_BLD_001_02,BLD_001,2025-10-09 00:00:00,3000,2405,80.2,169.2,117.1
TANK_BLD_001_02,BLD_001,2025-10-09 01:00:00,3000,2681,89.4,125.1,121.1
TANK_BLD_001_02,BLD_001,2025-10-09 02:00:00,3000,2567,85.6,170.5,132.2
TANK_BLD_001_02,BLD_001,2025-10-09 03:00:00,3000,2577,85.9,166.6,113.8
TANK_BLD_001_02,BLD_001,2025-10-09 04:00:00,3000,2578,85.9,149.8,122.0
TANK_BLD_001_02,BLD_001,2025-10-09 05:00:00,3000,2424,80.8,145.8,121.4
TANK_BLD_001_02,BLD_001,2025-10-09 06:00:00,3000,2490,83.0,169.5,110.5
TANK_BLD_001_02,BLD_001,2025-10-09 07:00:00,3000,2578,85.9,151.2,116.0
TANK_BLD_001_02,BLD_001,2025-10-09 08:00:00,3000,2548,84.9,150.0,129.9
TANK_BLD_001_02,BLD_001,2025-10-09 09:00:00,3000,2655,88.5,160.5,110.9
TANK_BLD_001_02,BLD_001,2025-10-09 10:00:00,3000,2660,88.7,178.6,113.3
TANK_BLD_001_02,BLD_001,2025-10-09 11:00:00,3000,2434,81.1,159.4,118.5
TANK_BLD_001_02,BLD_001,2025-10-09 12:00:00,3000,2557,85.2,159.2,139.7
TANK_BLD_001_02,BLD_001,2025-10-09 13:00:00,3000,2580,86.0,154.7,127.7
TANK_BLD_001_02,BLD_001,2025-10-09 14:00:00,3000,2493,83.1,147.7,130.7
TANK_BLD_001_02,BLD_001,2025-10-09 15:00:00,3000,2693,89.8,165.8,116.0
TANK_BLD_001_02,BLD_001,2025-10-09 16:00:00,3000,2629,87.6,155.8,108.9
TANK_BLD_001_02,BLD_001,2025-10-09 17:00:00,3000,2469,82.3,132.1,116.2
TANK_BLD_001_02,BLD_001,2025-10-09 18:00:00,3000,2408,80.3,152.8,102.4
TANK_BLD_001_02,BLD_001,2025-10-09 19:00:00,3000,2573,85.8,125.2,120.1
TANK_BLD_001_02,BLD_001,2025-10-09 20:00:00,3000,2647,88.2,135.7,136.5
TANK_BLD_001_02,BLD_001,2025-10-09 21:00:00,3000,2717,90.6,170.3,131.0
TANK_BLD_001_02,BLD_001,2025-10-09 22:00:00,3000,2500,83.3,147.9,121.4
TANK_BLD_001_02,BLD_001,2025-10-09 23:00:00,3000,2535,84.5,168.6,135.7
TANK_BLD_001_02,BLD_001,2025-10-10 00:00:00,3000,2710,90.3,146.8,106.9
TANK_BLD_001_02,BLD_001,2025-10-10 01:00:00,3000,2435,81.2,147.8,119.6
TANK_BLD_001_02,BLD_001,2025-10-10 02:00:00,3000,2723,90.8,167.8,121.1
TANK_BLD_001_02,BLD_001,2025-10-10 03:00:00,3000,2422,80.7,138.8,109.8
TANK_BLD_001_02,BLD_001,2025-10-10 04:00:00,3000,2539,84.6,143.1,134.8
TANK_BLD_001_02,BLD_001,2025-10-10 05:00:00,3000,2474,82.5,145.0,138.7
TANK_BLD_001_02,BLD_001,2025-10-10 06:00:00,3000,2661,88.7,137.9,124.8
TANK_BLD_001_02,BLD_001,2025-10-10 07:00:00,3000,2451,81.7,162.3,131.4
TANK_BLD_001_02,BLD_001,2025-10-10 08:00:00,3000,2536,84.5,143.5,102.6
TANK_BLD_001_02,BLD_001,2025-10-10 09:00:00,3000,2444,81.5,160.3,121.6
TANK_BLD_001_02,BLD_001,2025-10-10 10:00:00,3000,2524,84.1,134.3,127.5
TANK_BLD_001_02,BLD_001,2025-10-10 11:00:00,3000,2623,87.4,151.4,128.9
TANK_BLD_001_02,BLD_001,2025-10-10 12:00:00,3000,2734,91.1,131.5,105.7
TANK_BLD_001_02,BLD_001,2025-10-10 13:00:00,3000,2544,84.8,158.4,140.9
TANK_BLD_001_02,BLD_001,2025-10-10 14:00:00,3000,2733,91.1,134.9,113.6
TANK_BLD_001_02,BLD_001,2025-10-10 15:00:00,3000,2584,86.1,133.0,120.2
TANK_BLD_001_02,BLD_001,2025-10-10 16:00:00,3000,2473,82.4,125.4,100.2
TANK_BLD_001_02,BLD_001,2025-10-10 17:00:00,3000,2514,83.8,152.9,119.9
TANK_BLD_001_02,BLD_001,2025-10-10 18:00:00,3000,2643,88.1,153.3,128.5
TANK_BLD_001_02,BLD_001,2025-10-10 19:00:00,3000,2704,90.1,148.2,131.1
TANK_BLD_001_02,BLD_001,2025-10-10 20:00:00,3000,2417,80.6,144.5,104.8
TANK_BLD_001_02,BLD_001,2025-10-10 21:00:00,3000,2443,81.4,147.0,105.2
TANK_BLD_001_02,BLD_001,2025-10-10 22:00:00,3000,2522,84.1,112.8,106.4
TANK_BLD_001_02,BLD_001,2025-10-10 23:00:00,3000,2632,87.7,173.8,120.5
TANK_BLD_001_02,BLD_001,2025-10-11 00:00:00,3000,2478,82.6,137.9,123.3
TANK_BLD_001_02,BLD_001,2025-10-11 01:00:00,3000,2722,90.7,160.0,129.3
TANK_BLD_001_02,BLD_001,2025-10-11 02:00:00,3000,2413,80.4,144.2,123.8
TANK_BLD_001_02,BLD_001,2025-10-11 03:00:00,3000,2480,82.7,126.1,126.3
TANK_BLD_001_02,BLD_001,2025-10-11 04:00:00,3000,2638,87.9,136.8,122.9
TANK_BLD_001_02,BLD_001,2025-10-11 05:00:00,3000,2636,87.9,124.5,132.5
TANK_BLD_001_02,BLD_001,2025-10-11 06:00:00,3000,2565,85.5,136.2,103.9
TANK_BLD_001_02,BLD_001,2025-10-11 07:00:00,3000,2410,80.3,150.5,121.7
TANK_BLD_001_02,BLD_001,2025-10-11 08:00:00,3000,2580,86.0,161.4,93.1
TANK_BLD_001_02,BLD_001,2025-10-11 09:00:00,3000,2537,84.6,141.7,94.1
TANK_BLD_001_02,BLD_001,2025-10-11 10:00:00,3000,2499,83.3,153.4,104.5
TANK_BLD_001_02,BLD_001,2025-10-11 11:00:00,3000,2703,90.1,155.2,134.2
TANK_BLD_001_02,BLD_001,2025-10-11 12:00:00,3000,2735,91.2,155.0,119.6
TANK_BLD_001_02,BLD_001,2025-10-11 13:00:00,3000,2507,83.6,160.3,104.6
TANK_BLD_001_02,BLD_001,2025-10-11 14:00:00,3000,2536,84.5,128.0,131.4
TANK_BLD_001_02,BLD_001,2025-10-11 15:00:00,3000,2622,87.4,159.0,142.3
TANK_BLD_001_02,BLD_001,2025-10-11 16:00:00,3000,2445,81.5,141.0,109.4
TANK_BLD_001_02,BLD_001,2025-10-11 17:00:00,3000,2720,90.7,177.3,122.3
TANK_BLD_001_02,BLD_001,2025-10-11 18:00:00,3000,2440,81.3,136.4,107.5
TANK_BLD_001_02,BLD_001,2025-10-11 19:00:00,3000,2471,82.4,144.7,114.1
TANK_BLD_001_02,BLD_001,2025-10-11 20:00:00,3000,2631,87.7,182.4,98.5
TANK_BLD_001_02,BLD_001,2025-10-11 21:00:00,3000,2444,81.5,158.9,127.6
TANK_BLD_001_02,BLD_001,2025-10-11 22:00:00,3000,2408,80.3,140.3,117.9
TANK_BLD_001_02,BLD_001,2025-10-11 23:00:00,3000,2685,89.5,156.8,123.2
TANK_BLD_001_02,BLD_001,2025-10-12 00:00:00,3000,2485,82.8,130.0,117.8
TANK_BLD_001_02,BLD_001,2025-10-12 01:00:00,3000,2534,84.5,140.0,120.4
TANK_BLD_001_02,BLD_001,2025-10-12 02:00:00,3000,2657,88.6,169.0,122.0
TANK_BLD_001_02,BLD_001,2025-10-12 03:00:00,3000,2498,83.3,154.6,135.6
TANK_BLD_001_02,BLD_001,2025-10-12 04:00:00,3000,2468,82.3,167.7,131.8
TANK_BLD_001_02,BLD_001,2025-10-12 05:00:00,3000,2755,91.8,124.2,123.7
TANK_BLD_001_02,BLD_001,2025-10-12 06:00:00,3000,2646,88.2,157.1,96.3
TANK_BLD_001_02,BLD_001,2025-10-12 07:00:00,3000,2461,82.0,172.6,115.1
TANK_BLD_001_02,BLD_001,2025-10-12 08:00:00,3000,2743,91.4,149.4,123.1
TANK_BLD_001_02,BLD_001,2025-10-12 09:00:00,3000,2742,91.4,130.7,128.8
TANK_BLD_001_02,BLD_001,2025-10-12 10:00:00,3000,2583,86.1,169.6,102.3
TANK_BLD_001_02,BLD_001,2025-10-12 11:00:00,3000,2457,81.9,137.4,113.9
TANK_BLD_001_02,BLD_001,2025-10-12 12:00:00,3000,2581,86.0,130.3,119.7
TANK_BLD_001_02,BLD_001,2025-10-12 13:00:00,3000,2664,88.8,133.1,114.1
TANK_BLD_001_02,BLD_001,2025-10-12 14:00:00,3000,2520,84.0,175.1,125.6
TANK_BLD_001_02,BLD_001,2025-10-12 15:00:00,3000,2573,85.8,133.0,121.0
TANK_BLD_001_02,BLD_001,2025-10-12 16:00:00,3000,2729,91.0,153.1,125.8
TANK_BLD_001_02,BLD_001,2025-10-12 17:00:00,3000,2406,80.2,183.0,127.6
TANK_BLD_001_02,BLD_001,2025-10-12 18:00:00,3000,2758,91.9,168.7,125.6
TANK_BLD_001_02,BLD_001,2025-10-12 19:00:00,3000,2547,84.9,144.0,96.5
TANK_BLD_001_02,BLD_001,2025-10-12 20:00:00,3000,2453,81.8,164.2,115.4
TANK_BLD_001_02,BLD_001,2025-10-12 21:00:00,3000,2414,80.5,145.8,116.9
TANK_BLD_001_02,BLD_001,2025-10-12 22:00:00,3000,2729,91.0,161.4,134.8
TANK_BLD_001_02,BLD_001,2025-10-12 23:00:00,3000,2676,89.2,153.9,120.0
TANK_BLD_001_02,BLD_001,2025-10-13 00:00:00,3000,2416,80.5,141.8,103.2
TANK_BLD_001_02,BLD_001,2025-10-13 01:00:00,3000,2562,85.4,151.7,129.5
TANK_BLD_001_02,BLD_001,2025-10-13 02:00:00,3000,2416,80.5,126.2,99.0
TANK_BLD_001_02,BLD_001,2025-10-13 03:00:00,3000,2748,91.6,175.3,134.8
TANK_BLD_001_02,BLD_001,2025-10-13 04:00:00,3000,2657,88.6,159.5,135.2
TANK_BLD_001_02,BLD_001,2025-10-13 05:00:00,3000,2485,82.8,155.6,127.3
TANK_BLD_001_02,BLD_001,2025-10-13 06:00:00,3000,2667,88.9,149.9,105.6
TANK_BLD_001_02,BLD_001,2025-10-13 07:00:00,3000,2609,87.0,164.0,114.3
TANK_BLD_001_02,BLD_001,2025-10-13 08:00:00,3000,2674,89.1,163.2,109.2
TANK_BLD_001_02,BLD_001,2025-10-13 09:00:00,3000,2599,86.6,136.7,114.2
TANK_BLD_001_02,BLD_001,2025-10-13 10:00:00,3000,2723,90.8,168.0,124.2
TANK_BLD_001_02,BLD_001,2025-10-13 11:00:00,3000,2596,86.5,140.1,106.3
TANK_BLD_001_02,BLD_001,2025-10-13 12:00:00,3000,2537,84.6,149.9,121.9
TANK_BLD_001_02,BLD_001,2025-10-13 13:00:00,3000,2747,91.6,144.9,119.1
TANK_BLD_001_02,BLD_001,2025-10-13 14:00:00,3000,2481,82.7,138.1,121.0
TANK_BLD_001_02,BLD_001,2025-10-13 15:00:00,3000,2503,83.4,162.8,122.3
TANK_BLD_001_02,BLD_001,2025-10-13 16:00:00,3000,2648,88.3,150.2,125.9
TANK_BLD_001_02,BLD_001,2025-10-13 17:00:00,3000,2630,87.7,141.7,152.0
TANK_BLD_001_02,BLD_001,2025-10-13 18:00:00,3000,2705,90.2,167.2,126.6
TANK_BLD_001_02,BLD_001,2025-10-13 19:00:00,3000,2683,89.4,158.0,106.8
TANK_BLD_001_02,BLD_001,2025-10-13 20:00:00,3000,2472,82.4,176.3,129.9
TANK_BLD_001_02,BLD_001,2025-10-13 21:00:00,3000,2759,92.0,147.4,111.3
TANK_BLD_001_02,BLD_001,2025-10-13 22:00:00,3000,2696,89.9,157.2,128.4
TANK_BLD_001_02,BLD_001,2025-10-13 23:00:00,3000,2723,90.8,140.9,116.9
TANK_BLD_001_02,BLD_001,2025-10-14 00:00:00,3000,2421,80.7,156.8,128.3
TANK_BLD_001_02,BLD_001,2025-10-14 01:00:00,3000,2652,88.4,132.8,101.6
TANK_BLD_001_02,BLD_001,2025-10-14 02:00:00,3000,2745,91.5,148.6,119.5
TANK_BLD_001_02,BLD_001,2025-10-14 03:00:00,3000,2667,88.9,168.2,108.9
TANK_BLD_001_02,BLD_001,2025-10-14 04:00:00,3000,2655,88.5,172.7,122.3
TANK_BLD_001_02,BLD_001,2025-10-14 05:00:00,3000,2609,87.0,165.0,109.1
TANK_BLD_001_02,BLD_001,2025-10-14 06:00:00,3000,2612,87.1,166.2,121.6
TANK_BLD_001_02,BLD_001,2025-10-14 07:00:00,3000,2718,90.6,156.1,84.8
TANK_BLD_001_02,BLD_001,2025-10-14 08:00:00,3000,2550,85.0,164.2,118.5
TANK_BLD_001_02,BLD_001,2025-10-14 09:00:00,3000,2684,89.5,154.2,108.5
TANK_BLD_001_02,BLD_001,2025-10-14 10:00:00,3000,2759,92.0,170.2,125.4
TANK_BLD_001_02,BLD_001,2025-10-14 11:00:00,3000,2677,89.2,131.2,102.4
TANK_BLD_001_02,BLD_001,2025-10-14 12:00:00,3000,2661,88.7,192.0,120.0
TANK_BLD_001_02,BLD_001,2025-10-14 13:00:00,3000,2657,88.6,139.1,130.6
TANK_BLD_001_02,BLD_001,2025-10-14 14:00:00,3000,2453,81.8,151.0,97.6
TANK_BLD_001_02,BLD_001,2025-10-14 15:00:00,3000,2523,84.1,140.6,121.2
TANK_BLD_001_02,BLD_001,2025-10-14 16:00:00,3000,2584,86.1,158.7,93.5
TANK_BLD_001_02,BLD_001,2025-10-14 17:00:00,3000,2552,85.1,157.8,116.7
TANK_BLD_001_02,BLD_001,2025-10-14 18:00:00,3000,2467,82.2,157.8,122.7
TANK_BLD_001_02,BLD_001,2025-10-14 19:00:00,3000,2594,86.5,103.6,114.6
TANK_BLD_001_02,BLD_001,2025-10-14 20:00:00,3000,2403,80.1,119.2,109.3
TANK_BLD_001_02,BLD_001,2025-10-14 21:00:00,3000,2641,88.0,140.7,97.0
TANK_BLD_001_02,BLD_001,2025-10-14 22:00:00,3000,2564,85.5,145.4,137.9
TANK_BLD_001_02,BLD_001,2025-10-14 23:00:00,3000,2410,80.3,159.5,124.2
TANK_BLD_002_01,BLD_002,2025-10-01 00:00:00,5000,4308,86.2,132.3,123.4
TANK_BLD_002_01,BLD_002,2025-10-01 01:00:00,5000,4132,82.6,144.1,102.0
TANK_BLD_002_01,BLD_002,2025-10-01 02:00:00,5000,4557,91.1,129.2,121.2
TANK_BLD_002_01,BLD_002,2025-10-01 03:00:00,5000,4160,83.2,172.7,102.9
TANK_BLD_002_01,BLD_002,2025-10-01 04:00:00,5000,4264,85.3,168.2,95.8
TANK_BLD_002_01,BLD_002,2025-10-01 05:00:00,5000,4145,82.9,144.6,117.4
TANK_BLD_002_01,BLD_002,2025-10-01 06:00:00,5000,4202,84.0,161.2,131.3
TANK_BLD_002_01,BLD_002,2025-10-01 07:00:00,5000,4367,87.3,143.2,128.8
TANK_BLD_002_01,BLD_002,2025-10-01 08:00:00,5000,4531,90.6,126.4,100.8
TANK_BLD_002_01,BLD_002,2025-10-01 09:00:00,5000,4243,84.9,144.1,109.3
TANK_BLD_002_01,BLD_002,2025-10-01 10:00:00,5000,4192,83.8,144.3,130.4
TANK_BLD_002_01,BLD_002,2025-10-01 11:00:00,5000,4074,81.5,138.5,108.8
TANK_BLD_002_01,BLD_002,2025-10-01 12:00:00,5000,4583,91.7,150.7,104.1
TANK_BLD_002_01,BLD_002,2025-10-01 13:00:00,5000,4144,82.9,141.5,131.6
TANK_BLD_002_01,BLD_002,2025-10-01 14:00:00,5000,4242,84.8,156.4,116.6
TANK_BLD_002_01,BLD_002,2025-10-01 15:00:00,5000,4549,91.0,177.2,108.7
TANK_BLD_002_01,BLD_002,2025-10-01 16:00:00,5000,4099,82.0,179.8,108.2
TANK_BLD_002_01,BLD_002,2025-10-01 17:00:00,5000,4231,84.6,152.6,121.6
TANK_BLD_002_01,BLD_002,2025-10-01 18:00:00,5000,4582,91.6,155.8,141.0
TANK_BLD_002_01,BLD_002,2025-10-01 19:00:00,5000,4162,83.2,167.4,133.8
TANK_BLD_002_01,BLD_002,2025-10-01 20:00:00,5000,4507,90.1,160.9,123.6
TANK_BLD_002_01,BLD_002,2025-10-01 21:00:00,5000,4411,88.2,123.1,106.5
TANK_BLD_002_01,BLD_002,2025-10-01 22:00:00,5000,4443,88.9,159.7,137.5
TANK_BLD_002_01,BLD_002,2025-10-01 23:00:00,5000,4175,83.5,151.4,129.4
TANK_BLD_002_01,BLD_002,2025-10-02 00:00:00,5000,4474,89.5,140.6,106.2
TANK_BLD_002_01,BLD_002,2025-10-02 01:00:00,5000,4525,90.5,150.3,112.2
TANK_BLD_002_01,BLD_002,2025-10-02 02:00:00,5000,4289,85.8,137.4,131.6
TANK_BLD_002_01,BLD_002,2025-10-02 03:00:00,5000,4131,82.6,151.9,129.0
TANK_BLD_002_01,BLD_002,2025-10-02 04:00:00,5000,4063,81.3,156.7,105.1
TANK_BLD_002_01,BLD_002,2025-10-02 05:00:00,5000,4252,85.0,154.6,125.6
TANK_BLD_002_01,BLD_002,2025-10-02 06:00:00,5000,4358,87.2,161.1,118.9
TANK_BLD_002_01,BLD_002,2025-10-02 07:00:00,5000,4297,85.9,143.5,122.3
TANK_BLD_002_01,BLD_002,2025-10-02 08:00:00,5000,4447,88.9,131.6,104.0
TANK_BLD_002_01,BLD_002,2025-10-02 09:00:00,5000,4071,81.4,145.3,115.8
TANK_BLD_002_01,BLD_002,2025-10-02 10:00:00,5000,4197,83.9,145.8,129.9
TANK_BLD_002_01,BLD_002,2025-10-02 11:00:00,5000,4435,88.7,152.5,110.7
TANK_BLD_002_01,BLD_002,2025-10-02 12:00:00,5000,4289,85.8,172.6,117.0
TANK_BLD_002_01,BLD_002,2025-10-02 13:00:00,5000,4116,82.3,138.5,121.4
TANK_BLD_002_01,BLD_002,2025-10-02 14:00:00,5000,4209,84.2,161.1,108.8
TANK_BLD_002_01,BLD_002,2025-10-02 15:00:00,5000,4294,85.9,151.5,139.9
TANK_BLD_002_01,BLD_002,2025-10-02 16:00:00,5000,4052,81.0,161.1,126.2
TANK_BLD_002_01,BLD_002,2025-10-02 17:00:00,5000,4542,90.8,173.1,125.2
TANK_BLD_002_01,BLD_002,2025-10-02 18:00:00,5000,4451,89.0,145.9,116.6
TANK_BLD_002_01,BLD_002,2025-10-02 19:00:00,5000,4043,80.9,145.6,96.1
TANK_BLD_002_01,BLD_002,2025-10-02 20:00:00,5000,4599,92.0,174.8,113.9
TANK_BLD_002_01,BLD_002,2025-10-02 21:00:00,5000,4416,88.3,177.6,125.1
TANK_BLD_002_01,BLD_002,2025-10-02 22:00:00,5000,4599,92.0,161.7,116.7
TANK_BLD_002_01,BLD_002,2025-10-02 23:00:00,5000,4229,84.6,162.7,139.7
TANK_BLD_002_01,BLD_002,2025-10-03 00:00:00,5000,4032,80.6,170.4,111.4
TANK_BLD_002_01,BLD_002,2025-10-03 01:00:00,5000,4104,82.1,126.8,129.3
TANK_BLD_002_01,BLD_002,2025-10-03 02:00:00,5000,4478,89.6,159.3,128.0
TANK_BLD_002_01,BLD_002,2025-10-03 03:00:00,5000,4315,86.3,163.1,112.7
TANK_BLD_002_01,BLD_002,2025-10-03 04:00:00,5000,4112,82.2,136.9,113.0
TANK_BLD_002_01,BLD_002,2025-10-03 05:00:00,5000,4405,88.1,166.3,135.9
TANK_BLD_002_01,BLD_002,2025-10-03 06:00:00,5000,4249,85.0,111.3,122.6
TANK_BLD_002_01,BLD_002,2025-10-03 07:00:00,5000,4353,87.1,145.2,116.8
TANK_BLD_002_01,BLD_002,2025-10-03 08:00:00,5000,4243,84.9,138.9,110.6
TANK_BLD_002_01,BLD_002,2025-10-03 09:00:00,5000,4536,90.7,126.8,154.5
TANK_BLD_002_01,BLD_002,2025-10-03 10:00:00,5000,4414,88.3,154.5,134.2
TANK_BLD_002_01,BLD_002,2025-10-03 11:00:00,5000,4088,81.8,147.5,97.3
TANK_BLD_002_01,BLD_002,2025-10-03 12:00:00,5000,4415,88.3,153.3,100.8
TANK_BLD_002_01,BLD_002,2025-10-03 13:00:00,5000,4411,88.2,166.5,118.1
TANK_BLD_002_01,BLD_002,2025-10-03 14:00:00,5000,4522,90.4,156.9,119.7
TANK_BLD_002_01,BLD_002,2025-10-03 15:00:00,5000,4045,80.9,174.9,135.6
TANK_BLD_002_01,BLD_002,2025-10-03 16:00:00,5000,4286,85.7,149.3,119.3
TANK_BLD_002_01,BLD_002,2025-10-03 17:00:00,5000,4511,90.2,155.8,129.8
TANK_BLD_002_01,BLD_002,2025-10-03 18:00:00,5000,4399,88.0,130.5,125.1
TANK_BLD_002_01,BLD_002,2025-10-03 19:00:00,5000,4257,85.1,155.4,142.6
TANK_BLD_002_01,BLD_002,2025-10-03 20:00:00,5000,4011,80.2,160.4,102.9
TANK_BLD_002_01,BLD_002,2025-10-03 21:00:00,5000,4554,91.1,150.1,108.9
TANK_BLD_002_01,BLD_002,2025-10-03 22:00:00,5000,4274,85.5,167.5,116.3
TANK_BLD_002_01,BLD_002,2025-10-03 23:00:00,5000,4228,84.6,148.5,113.8
TANK_BLD_002_01,BLD_002,2025-10-04 00:00:00,5000,4431,88.6,158.6,106.2
TANK_BLD_002_01,BLD_002,2025-10-04 01:00:00,5000,4412,88.2,159.1,102.3
TANK_BLD_002_01,BLD_002,2025-10-04 02:00:00,5000,4411,88.2,119.2,115.0
TANK_BLD_002_01,BLD_002,2025-10-04 03:00:00,5000,4371,87.4,149.2,124.4
TANK_BLD_002_01,BLD_002,2025-10-04 04:00:00,5000,4235,84.7,138.0,119.2
TANK_BLD_002_01,BLD_002,2025-10-04 05:00:00,5000,4332,86.6,138.2,115.7
TANK_BLD_002_01,BLD_002,2025-10-04 06:00:00,5000,4280,85.6,152.9,102.7
TANK_BLD_002_01,BLD_002,2025-10-04 07:00:00,5000,4167,83.3,107.2,116.5
TANK_BLD_002_01,BLD_002,2025-10-04 08:00:00,5000,4161,83.2,139.3,124.6
TANK_BLD_002_01,BLD_002,2025-10-04 09:00:00,5000,4032,80.6,160.7,133.9
TANK_BLD_002_01,BLD_002,2025-10-04 10:00:00,5000,4299,86.0,146.0,80.4
TANK_BLD_002_01,BLD_002,2025-10-04 11:00:00,5000,4262,85.2,149.9,90.2
TANK_BLD_002_01,BLD_002,2025-10-04 12:00:00,5000,4317,86.3,166.6,132.1
TANK_BLD_002_01,BLD_002,2025-10-04 13:00:00,5000,4227,84.5,123.1,105.2
TANK_BLD_002_01,BLD_002,2025-10-04 14:00:00,5000,4322,86.4,164.7,118.6
TANK_BLD_002_01,BLD_002,2025-10-04 15:00:00,5000,4418,88.4,154.5,126.9
TANK_BLD_002_01,BLD_002,2025-10-04 16:00:00,5000,4583,91.7,155.4,121.3
TANK_BLD_002_01,BLD_002,2025-10-04 17:00:00,5000,4095,81.9,151.6,112.7
TANK_BLD_002_01,BLD_002,2025-10-04 18:00:00,5000,4590,91.8,129.4,115.3
TANK_BLD_002_01,BLD_002,2025-10-04 19:00:00,5000,4313,86.3,129.8,133.0
TANK_BLD_002_01,BLD_002,2025-10-04 20:00:00,5000,4429,88.6,135.0,105.6
TANK_BLD_002_01,BLD_002,2025-10-04 21:00:00,5000,4223,84.5,137.3,117.3
TANK_BLD_002_01,BLD_002,2025-10-04 22:00:00,5000,4457,89.1,163.1,116.3
TANK_BLD_002_01,BLD_002,2025-10-04 23:00:00,5000,4556,91.1,152.7,142.2
TANK_BLD_002_01,BLD_002,2025-10-05 00:00:00,5000,4234,84.7,119.5,122.6
TANK_BLD_002_01,BLD_002,2025-10-05 01:00:00,5000,4374,87.5,153.5,110.7
TANK_BLD_002_01,BLD_002,2025-10-05 02:00:00,5000,4165,83.3,150.6,115.9
TANK_BLD_002_01,BLD_002,2025-10-05 03:00:00,5000,4347,86.9,138.9,118.5
TANK_BLD_002_01,BLD_002,2025-10-05 04:00:00,5000,4536,90.7,136.4,123.2
TANK_BLD_002_01,BLD_002,2025-10-05 05:00:00,5000,4307,86.1,139.2,119.9
TANK_BLD_002_01,BLD_002,2025-10-05 06:00:00,5000,4364,87.3,159.1,129.0
TANK_BLD_002_01,BLD_002,2025-10-05 07:00:00,5000,4122,82.4,144.2,130.7
TANK_BLD_002_01,BLD_002,2025-10-05 08:00:00,5000,4568,91.4,149.6,110.6
TANK_BLD_002_01,BLD_002,2025-10-05 09:00:00,5000,4358,87.2,162.0,111.1
TANK_BLD_002_01,BLD_002,2025-10-05 10:00:00,5000,4376,87.5,150.7,117.4
TANK_BLD_002_01,BLD_002,2025-10-05 11:00:00,5000,4295,85.9,145.4,127.0
TANK_BLD_002_01,BLD_002,2025-10-05 12:00:00,5000,4325,86.5,166.0,111.5
TANK_BLD_002_01,BLD_002,2025-10-05 13:00:00,5000,4558,91.2,167.1,113.7
TANK_BLD_002_01,BLD_002,2025-10-05 14:00:00,5000,4299,86.0,159.4,118.2
TANK_BLD_002_01,BLD_002,2025-10-05 15:00:00,5000,4306,86.1,180.2,115.4
TANK_BLD_002_01,BLD_002,2025-10-05 16:00:00,5000,4157,83.1,157.4,117.6
TANK_BLD_002_01,BLD_002,2025-10-05 17:00:00,5000,4407,88.1,141.8,129.3
TANK_BLD_002_01,BLD_002,2025-10-05 18:00:00,5000,4326,86.5,150.6,105.1
TANK_BLD_002_01,BLD_002,2025-10-05 19:00:00,5000,4233,84.7,150.4,122.3
TANK_BLD_002_01,BLD_002,2025-10-05 20:00:00,5000,4465,89.3,156.5,129.2
TANK_BLD_002_01,BLD_002,2025-10-05 21:00:00,5000,4026,80.5,128.9,113.0
TANK_BLD_002_01,BLD_002,2025-10-05 22:00:00,5000,4039,80.8,123.7,122.8
TANK_BLD_002_01,BLD_002,2025-10-05 23:00:00,5000,4478,89.6,153.2,121.4
TANK_BLD_002_01,BLD_002,2025-10-06 00:00:00,5000,4125,82.5,137.5,136.3
TANK_BLD_002_01,BLD_002,2025-10-06 01:00:00,5000,4327,86.5,167.9,138.3
TANK_BLD_002_01,BLD_002,2025-10-06 02:00:00,5000,4423,88.5,146.6,112.0
TANK_BLD_002_01,BLD_002,2025-10-06 03:00:00,5000,4260,85.2,138.9,113.5
TANK_BLD_002_01,BLD_002,2025-10-06 04:00:00,5000,4083,81.7,148.3,92.5
TANK_BLD_002_01,BLD_002,2025-10-06 05:00:00,5000,4038,80.8,138.4,126.5
TANK_BLD_002_01,BLD_002,2025-10-06 06:00:00,5000,4362,87.2,155.5,120.3
TANK_BLD_002_01,BLD_002,2025-10-06 07:00:00,5000,4449,89.0,166.9,122.9
TANK_BLD_002_01,BLD_002,2025-10-06 08:00:00,5000,4093,81.9,137.0,131.1
TANK_BLD_002_01,BLD_002,2025-10-06 09:00:00,5000,4377,87.5,146.3,126.7
TANK_BLD_002_01,BLD_002,2025-10-06 10:00:00,5000,4130,82.6,122.5,111.7
TANK_BLD_002_01,BLD_002,2025-10-06 11:00:00,5000,4424,88.5,154.8,125.0
TANK_BLD_002_01,BLD_002,2025-10-06 12:00:00,5000,4318,86.4,154.6,113.1
TANK_BLD_002_01,BLD_002,2025-10-06 13:00:00,5000,4218,84.4,132.9,112.2
TANK_BLD_002_01,BLD_002,2025-10-06 14:00:00,5000,4523,90.5,145.8,128.4
TANK_BLD_002_01,BLD_002,2025-10-06 15:00:00,5000,4213,84.3,173.9,126.5
TANK_BLD_002_01,BLD_002,2025-10-06 16:00:00,5000,4038,80.8,158.2,121.4
TANK_BLD_002_01,BLD_002,2025-10-06 17:00:00,5000,4157,83.1,163.6,110.1
TANK_BLD_002_01,BLD_002,2025-10-06 18:00:00,5000,4143,82.9,162.2,127.8
TANK_BLD_002_01,BLD_002,2025-10-06 19:00:00,5000,4148,83.0,163.0,127.2
TANK_BLD_002_01,BLD_002,2025-10-06 20:00:00,5000,4215,84.3,155.3,120.7
TANK_BLD_002_01,BLD_002,2025-10-06 21:00:00,5000,4494,89.9,170.6,91.2
TANK_BLD_002_01,BLD_002,2025-10-06 22:00:00,5000,4168,83.4,149.0,105.0
TANK_BLD_002_01,BLD_002,2025-10-06 23:00:00,5000,4278,85.6,159.4,120.4
TANK_BLD_002_01,BLD_002,2025-10-07 00:00:00,5000,4362,87.2,135.4,123.3
TANK_BLD_002_01,BLD_002,2025-10-07 01:00:00,5000,4598,92.0,156.5,123.8
TANK_BLD_002_01,BLD_002,2025-10-07 02:00:00,5000,4249,85.0,202.7,124.1
TANK_BLD_002_01,BLD_002,2025-10-07 03:00:00,5000,4116,82.3,159.2,123.5
TANK_BLD_002_01,BLD_002,2025-10-07 04:00:00,5000,4098,82.0,153.2,115.5
TANK_BLD_002_01,BLD_002,2025-10-07 05:00:00,5000,4164,83.3,172.2,131.3
TANK_BLD_002_01,BLD_002,2025-10-07 06:00:00,5000,4193,83.9,153.1,135.9
TANK_BLD_002_01,BLD_002,2025-10-07 07:00:00,5000,4521,90.4,157.7,124.4
TANK_BLD_002_01,BLD_002,2025-10-07 08:00:00,5000,4012,80.2,145.4,117.7
TANK_BLD_002_01,BLD_002,2025-10-07 09:00:00,5000,4265,85.3,148.8,131.8
TANK_BLD_002_01,BLD_002,2025-10-07 10:00:00,5000,4510,90.2,132.3,104.8
TANK_BLD_002_01,BLD_002,2025-10-07 11:00:00,5000,4537,90.7,170.8,115.7
TANK_BLD_002_01,BLD_002,2025-10-07 12:00:00,5000,4142,82.8,151.5,127.3
TANK_BLD_002_01,BLD_002,2025-10-07 13:00:00,5000,4456,89.1,149.8,109.3
TANK_BLD_002_01,BLD_002,2025-10-07 14:00:00,5000,4541,90.8,142.1,98.2
TANK_BLD_002_01,BLD_002,2025-10-07 15:00:00,5000,4103,82.1,137.9,127.0
TANK_BLD_002_01,BLD_002,2025-10-07 16:00:00,5000,4208,84.2,146.5,145.2
TANK_BLD_002_01,BLD_002,2025-10-07 17:00:00,5000,4443,88.9,135.4,129.1
TANK_BLD_002_01,BLD_002,2025-10-07 18:00:00,5000,4249,85.0,133.0,104.5
TANK_BLD_002_01,BLD_002,2025-10-07 19:00:00,5000,4540,90.8,128.5,126.6
TANK_BLD_002_01,BLD_002,2025-10-07 20:00:00,5000,4197,83.9,132.7,105.6
TANK_BLD_002_01,BLD_002,2025-10-07 21:00:00,5000,4404,88.1,115.3,127.5
TANK_BLD_002_01,BLD_002,2025-10-07 22:00:00,5000,4089,81.8,153.0,116.7
TANK_BLD_002_01,BLD_002,2025-10-07 23:00:00,5000,4067,81.3,138.7,137.7
TANK_BLD_002_01,BLD_002,2025-10-08 00:00:00,5000,4044,80.9,154.9,135.4
TANK_BLD_002_01,BLD_002,2025-10-08 01:00:00,5000,4141,82.8,159.6,110.9
TANK_BLD_002_01,BLD_002,2025-10-08 02:00:00,5000,4426,88.5,145.4,118.2
TANK_BLD_002_01,BLD_002,2025-10-08 03:00:00,5000,4515,90.3,135.1,112.7
TANK_BLD_002_01,BLD_002,2025-10-08 04:00:00,5000,4310,86.2,156.1,137.9
TANK_BLD_002_01,BLD_002,2025-10-08 05:00:00,5000,4255,85.1,142.0,115.2
TANK_BLD_002_01,BLD_002,2025-10-08 06:00:00,5000,4548,91.0,139.6,142.8
TANK_BLD_002_01,BLD_002,2025-10-08 07:00:00,5000,4344,86.9,162.4,128.9
TANK_BLD_002_01,BLD_002,2025-10-08 08:00:00,5000,4552,91.0,124.3,112.7
TANK_BLD_002_01,BLD_002,2025-10-08 09:00:00,5000,4384,87.7,176.2,101.3
TANK_BLD_002_01,BLD_002,2025-10-08 10:00:00,5000,4252,85.0,148.4,105.6
TANK_BLD_002_01,BLD_002,2025-10-08 11:00:00,5000,4415,88.3,149.5,137.2
TANK_BLD_002_01,BLD_002,2025-10-08 12:00:00,5000,4099,82.0,170.6,115.1
TANK_BLD_002_01,BLD_002,2025-10-08 13:00:00,5000,4248,85.0,151.1,143.2
TANK_BLD_002_01,BLD_002,2025-10-08 14:00:00,5000,4145,82.9,128.1,121.5
TANK_BLD_002_01,BLD_002,2025-10-08 15:00:00,5000,4040,80.8,140.0,173.7
TANK_BLD_002_01,BLD_002,2025-10-08 16:00:00,5000,4424,88.5,163.0,131.1
TANK_BLD_002_01,BLD_002,2025-10-08 17:00:00,5000,4246,84.9,166.5,142.6
TANK_BLD_002_01,BLD_002,2025-10-08 18:00:00,5000,4253,85.1,158.7,121.5
TANK_BLD_002_01,BLD_002,2025-10-08 19:00:00,5000,4116,82.3,133.4,108.0
TANK_BLD_002_01,BLD_002,2025-10-08 20:00:00,5000,4376,87.5,157.2,132.4
TANK_BLD_002_01,BLD_002,2025-10-08 21:00:00,5000,4275,85.5,178.6,119.9
TANK_BLD_002_01,BLD_002,2025-10-08 22:00:00,5000,4340,86.8,123.9,130.9
TANK_BLD_002_01,BLD_002,2025-10-08 23:00:00,5000,4277,85.5,146.7,112.3
TANK_BLD_002_01,BLD_002,2025-10-09 00:00:00,5000,4417,88.3,181.7,133.3
TANK_BLD_002_01,BLD_002,2025-10-09 01:00:00,5000,4111,82.2,143.4,122.4
TANK_BLD_002_01,BLD_002,2025-10-09 02:00:00,5000,4171,83.4,131.5,133.1
TANK_BLD_002_01,BLD_002,2025-10-09 03:00:00,5000,4030,80.6,142.3,130.8
TANK_BLD_002_01,BLD_002,2025-10-09 04:00:00,5000,4038,80.8,148.1,117.4
TANK_BLD_002_01,BLD_002,2025-10-09 05:00:00,5000,4107,82.1,139.4,133.1
TANK_BLD_002_01,BLD_002,2025-10-09 06:00:00,5000,4483,89.7,149.6,104.3
TANK_BLD_002_01,BLD_002,2025-10-09 07:00:00,5000,4413,88.3,166.7,140.1
TANK_BLD_002_01,BLD_002,2025-10-09 08:00:00,5000,4555,91.1,149.5,101.3
TANK_BLD_002_01,BLD_002,2025-10-09 09:00:00,5000,4530,90.6,159.6,104.6
TANK_BLD_002_01,BLD_002,2025-10-09 10:00:00,5000,4156,83.1,147.3,103.7
TANK_BLD_002_01,BLD_002,2025-10-09 11:00:00,5000,4368,87.4,137.6,107.5
TANK_BLD_002_01,BLD_002,2025-10-09 12:00:00,5000,4368,87.4,152.3,124.7
TANK_BLD_002_01,BLD_002,2025-10-09 13:00:00,5000,4470,89.4,129.3,110.3
TANK_BLD_002_01,BLD_002,2025-10-09 14:00:00,5000,4273,85.5,147.1,136.4
TANK_BLD_002_01,BLD_002,2025-10-09 15:00:00,5000,4508,90.2,135.5,116.4
TANK_BLD_002_01,BLD_002,2025-10-09 16:00:00,5000,4522,90.4,159.4,123.1
TANK_BLD_002_01,BLD_002,2025-10-09 17:00:00,5000,4583,91.7,126.1,119.8
TANK_BLD_002_01,BLD_002,2025-10-09 18:00:00,5000,4116,82.3,160.9,108.4
TANK_BLD_002_01,BLD_002,2025-10-09 19:00:00,5000,4024,80.5,152.0,113.4
TANK_BLD_002_01,BLD_002,2025-10-09 20:00:00,5000,4385,87.7,132.8,137.7
TANK_BLD_002_01,BLD_002,2025-10-09 21:00:00,5000,4484,89.7,135.6,121.0
TANK_BLD_002_01,BLD_002,2025-10-09 22:00:00,5000,4478,89.6,145.8,90.6
TANK_BLD_002_01,BLD_002,2025-10-09 23:00:00,5000,4088,81.8,143.9,128.3
TANK_BLD_002_01,BLD_002,2025-10-10 00:00:00,5000,4470,89.4,164.4,140.1
TANK_BLD_002_01,BLD_002,2025-10-10 01:00:00,5000,4115,82.3,139.1,105.4
TANK_BLD_002_01,BLD_002,2025-10-10 02:00:00,5000,4500,90.0,169.8,111.7
TANK_BLD_002_01,BLD_002,2025-10-10 03:00:00,5000,4264,85.3,158.2,115.3
TANK_BLD_002_01,BLD_002,2025-10-10 04:00:00,5000,4373,87.5,157.7,132.8
TANK_BLD_002_01,BLD_002,2025-10-10 05:00:00,5000,4254,85.1,153.9,120.2
TANK_BLD_002_01,BLD_002,2025-10-10 06:00:00,5000,4443,88.9,164.6,113.9
TANK_BLD_002_01,BLD_002,2025-10-10 07:00:00,5000,4461,89.2,142.4,130.0
TANK_BLD_002_01,BLD_002,2025-10-10 08:00:00,5000,4171,83.4,157.6,136.1
TANK_BLD_002_01,BLD_002,2025-10-10 09:00:00,5000,4146,82.9,126.4,121.8
TANK_BLD_002_01,BLD_002,2025-10-10 10:00:00,5000,4485,89.7,166.8,115.4
TANK_BLD_002_01,BLD_002,2025-10-10 11:00:00,5000,4229,84.6,142.3,132.0
TANK_BLD_002_01,BLD_002,2025-10-10 12:00:00,5000,4264,85.3,140.1,122.1
TANK_BLD_002_01,BLD_002,2025-10-10 13:00:00,5000,4569,91.4,154.4,153.0
TANK_BLD_002_01,BLD_002,2025-10-10 14:00:00,5000,4504,90.1,151.0,133.4
TANK_BLD_002_01,BLD_002,2025-10-10 15:00:00,5000,4556,91.1,124.4,133.6
TANK_BLD_002_01,BLD_002,2025-10-10 16:00:00,5000,4279,85.6,135.9,99.7
TANK_BLD_002_01,BLD_002,2025-10-10 17:00:00,5000,4494,89.9,139.6,130.6
TANK_BLD_002_01,BLD_002,2025-10-10 18:00:00,5000,4159,83.2,164.1,114.6
TANK_BLD_002_01,BLD_002,2025-10-10 19:00:00,5000,4016,80.3,154.1,117.8
TANK_BLD_002_01,BLD_002,2025-10-10 20:00:00,5000,4384,87.7,139.4,111.7
TANK_BLD_002_01,BLD_002,2025-10-10 21:00:00,5000,4518,90.4,145.6,125.6
TANK_BLD_002_01,BLD_002,2025-10-10 22:00:00,5000,4252,85.0,157.3,127.2
TANK_BLD_002_01,BLD_002,2025-10-10 23:00:00,5000,4488,89.8,163.2,120.5
TANK_BLD_002_01,BLD_002,2025-10-11 00:00:00,5000,4196,83.9,157.3,110.4
TANK_BLD_002_01,BLD_002,2025-10-11 01:00:00,5000,4324,86.5,142.7,129.7
TANK_BLD_002_01,BLD_002,2025-10-11 02:00:00,5000,4393,87.9,151.6,114.5
TANK_BLD_002_01,BLD_002,2025-10-11 03:00:00,5000,4430,88.6,131.4,113.1
TANK_BLD_002_01,BLD_002,2025-10-11 04:00:00,5000,4323,86.5,142.5,131.3
TANK_BLD_002_01,BLD_002,2025-10-11 05:00:00,5000,4151,83.0,160.6,131.9
TANK_BLD_002_01,BLD_002,2025-10-11 06:00:00,5000,4077,81.5,150.5,121.9
TANK_BLD_002_01,BLD_002,2025-10-11 07:00:00,5000,4300,86.0,162.4,117.1
TANK_BLD_002_01,BLD_002,2025-10-11 08:00:00,5000,4146,82.9,140.2,115.5
TANK_BLD_002_01,BLD_002,2025-10-11 09:00:00,5000,4455,89.1,175.1,137.6
TANK_BLD_002_01,BLD_002,2025-10-11 10:00:00,5000,4131,82.6,168.3,128.3
TANK_BLD_002_01,BLD_002,2025-10-11 11:00:00,5000,4215,84.3,141.6,133.5
TANK_BLD_002_01,BLD_002,2025-10-11 12:00:00,5000,4455,89.1,150.8,114.0
TANK_BLD_002_01,BLD_002,2025-10-11 13:00:00,5000,4582,91.6,139.5,118.9
TANK_BLD_002_01,BLD_002,2025-10-11 14:00:00,5000,4524,90.5,120.4,134.1
TANK_BLD_002_01,BLD_002,2025-10-11 15:00:00,5000,4068,81.4,150.7,128.0
TANK_BLD_002_01,BLD_002,2025-10-11 16:00:00,5000,4170,83.4,130.5,109.8
TANK_BLD_002_01,BLD_002,2025-10-11 17:00:00,5000,4361,87.2,169.3,118.1
TANK_BLD_002_01,BLD_002,2025-10-11 18:00:00,5000,4254,85.1,134.0,105.7
TANK_BLD_002_01,BLD_002,2025-10-11 19:00:00,5000,4594,91.9,155.7,113.6
TANK_BLD_002_01,BLD_002,2025-10-11 20:00:00,5000,4561,91.2,147.9,120.0
TANK_BLD_002_01,BLD_002,2025-10-11 21:00:00,5000,4225,84.5,147.0,108.8
TANK_BLD_002_01,BLD_002,2025-10-11 22:00:00,5000,4474,89.5,121.0,99.1
TANK_BLD_002_01,BLD_002,2025-10-11 23:00:00,5000,4334,86.7,166.4,123.0
TANK_BLD_002_01,BLD_002,2025-10-12 00:00:00,5000,4185,83.7,153.9,135.2
TANK_BLD_002_01,BLD_002,2025-10-12 01:00:00,5000,4180,83.6,135.9,103.3
TANK_BLD_002_01,BLD_002,2025-10-12 02:00:00,5000,4374,87.5,151.0,119.5
TANK_BLD_002_01,BLD_002,2025-10-12 03:00:00,5000,4345,86.9,160.0,114.9
TANK_BLD_002_01,BLD_002,2025-10-12 04:00:00,5000,4022,80.4,135.1,118.0
TANK_BLD_002_01,BLD_002,2025-10-12 05:00:00,5000,4250,85.0,155.9,132.9
TANK_BLD_002_01,BLD_002,2025-10-12 06:00:00,5000,4442,88.8,157.1,118.1
TANK_BLD_002_01,BLD_002,2025-10-12 07:00:00,5000,4426,88.5,124.5,98.3
TANK_BLD_002_01,BLD_002,2025-10-12 08:00:00,5000,4551,91.0,175.5,127.5
TANK_BLD_002_01,BLD_002,2025-10-12 09:00:00,5000,4250,85.0,161.0,109.1
TANK_BLD_002_01,BLD_002,2025-10-12 10:00:00,5000,4365,87.3,185.4,120.3
TANK_BLD_002_01,BLD_002,2025-10-12 11:00:00,5000,4125,82.5,145.2,128.5
TANK_BLD_002_01,BLD_002,2025-10-12 12:00:00,5000,4244,84.9,155.8,135.2
TANK_BLD_002_01,BLD_002,2025-10-12 13:00:00,5000,4329,86.6,151.0,129.4
TANK_BLD_002_01,BLD_002,2025-10-12 14:00:00,5000,4309,86.2,137.5,90.9
TANK_BLD_002_01,BLD_002,2025-10-12 15:00:00,5000,4507,90.1,173.0,138.4
TANK_BLD_002_01,BLD_002,2025-10-12 16:00:00,5000,4178,83.6,144.9,124.0
TANK_BLD_002_01,BLD_002,2025-10-12 17:00:00,5000,4032,80.6,140.8,110.3
TANK_BLD_002_01,BLD_002,2025-10-12 18:00:00,5000,4169,83.4,133.4,128.0
TANK_BLD_002_01,BLD_002,2025-10-12 19:00:00,5000,4406,88.1,162.4,120.2
TANK_BLD_002_01,BLD_002,2025-10-12 20:00:00,5000,4516,90.3,151.1,122.8
TANK_BLD_002_01,BLD_002,2025-10-12 21:00:00,5000,4405,88.1,171.5,137.5
TANK_BLD_002_01,BLD_002,2025-10-12 22:00:00,5000,4088,81.8,116.7,130.2
TANK_BLD_002_01,BLD_002,2025-10-12 23:00:00,5000,4266,85.3,133.7,120.8
TANK_BLD_002_01,BLD_002,2025-10-13 00:00:00,5000,4216,84.3,144.9,113.5
TANK_BLD_002_01,BLD_002,2025-10-13 01:00:00,5000,4535,90.7,133.2,119.4
TANK_BLD_002_01,BLD_002,2025-10-13 02:00:00,5000,4231,84.6,147.0,117.0
TANK_BLD_002_01,BLD_002,2025-10-13 03:00:00,5000,4031,80.6,170.1,116.8
TANK_BLD_002_01,BLD_002,2025-10-13 04:00:00,5000,4352,87.0,131.0,125.4
TANK_BLD_002_01,BLD_002,2025-10-13 05:00:00,5000,4206,84.1,149.2,133.8
TANK_BLD_002_01,BLD_002,2025-10-13 06:00:00,5000,4502,90.0,133.1,104.7
TANK_BLD_002_01,BLD_002,2025-10-13 07:00:00,5000,4451,89.0,139.9,128.6
TANK_BLD_002_01,BLD_002,2025-10-13 08:00:00,5000,4584,91.7,173.5,128.0
TANK_BLD_002_01,BLD_002,2025-10-13 09:00:00,5000,4577,91.5,144.7,119.2
TANK_BLD_002_01,BLD_002,2025-10-13 10:00:00,5000,4362,87.2,141.8,99.3
TANK_BLD_002_01,BLD_002,2025-10-13 11:00:00,5000,4293,85.9,149.6,111.1
TANK_BLD_002_01,BLD_002,2025-10-13 12:00:00,5000,4256,85.1,163.8,136.1
TANK_BLD_002_01,BLD_002,2025-10-13 13:00:00,5000,4111,82.2,140.1,110.6
TANK_BLD_002_01,BLD_002,2025-10-13 14:00:00,5000,4107,82.1,167.1,139.6
TANK_BLD_002_01,BLD_002,2025-10-13 15:00:00,5000,4246,84.9,158.7,116.8
TANK_BLD_002_01,BLD_002,2025-10-13 16:00:00,5000,4581,91.6,122.0,119.7
TANK_BLD_002_01,BLD_002,2025-10-13 17:00:00,5000,4462,89.2,155.5,113.9
TANK_BLD_002_01,BLD_002,2025-10-13 18:00:00,5000,4491,89.8,125.3,119.7
TANK_BLD_002_01,BLD_002,2025-10-13 19:00:00,5000,4349,87.0,129.6,115.6
TANK_BLD_002_01,BLD_002,2025-10-13 20:00:00,5000,4254,85.1,141.8,122.5
TANK_BLD_002_01,BLD_002,2025-10-13 21:00:00,5000,4200,84.0,141.7,122.1
TANK_BLD_002_01,BLD_002,2025-10-13 22:00:00,5000,4579,91.6,150.9,116.0
TANK_BLD_002_01,BLD_002,2025-10-13 23:00:00,5000,4466,89.3,137.9,153.0
TANK_BLD_002_01,BLD_002,2025-10-14 00:00:00,5000,4027,80.5,119.5,136.7
TANK_BLD_002_01,BLD_002,2025-10-14 01:00:00,5000,4464,89.3,174.9,109.6
TANK_BLD_002_01,BLD_002,2025-10-14 02:00:00,5000,4061,81.2,150.8,112.8
TANK_BLD_002_01,BLD_002,2025-10-14 03:00:00,5000,4476,89.5,169.4,142.8
TANK_BLD_002_01,BLD_002,2025-10-14 04:00:00,5000,4408,88.2,131.8,103.1
TANK_BLD_002_01,BLD_002,2025-10-14 05:00:00,5000,4189,83.8,137.9,126.0
TANK_BLD_002_01,BLD_002,2025-10-14 06:00:00,5000,4008,80.2,159.2,121.6
TANK_BLD_002_01,BLD_002,2025-10-14 07:00:00,5000,4366,87.3,160.0,133.1
TANK_BLD_002_01,BLD_002,2025-10-14 08:00:00,5000,4298,86.0,162.3,126.7
TANK_BLD_002_01,BLD_002,2025-10-14 09:00:00,5000,4135,82.7,132.8,111.9
TANK_BLD_002_01,BLD_002,2025-10-14 10:00:00,5000,4271,85.4,145.2,129.6
TANK_BLD_002_01,BLD_002,2025-10-14 11:00:00,5000,4225,84.5,150.7,133.7
TANK_BLD_002_01,BLD_002,2025-10-14 12:00:00,5000,4321,86.4,149.6,133.7
TANK_BLD_002_01,BLD_002,2025-10-14 13:00:00,5000,4409,88.2,147.9,89.2
TANK_BLD_002_01,BLD_002,2025-10-14 14:00:00,5000,4579,91.6,151.0,119.7
TANK_BLD_002_01,BLD_002,2025-10-14 15:00:00,5000,4414,88.3,173.5,110.0
TANK_BLD_002_01,BLD_002,2025-10-14 16:00:00,5000,4010,80.2,153.7,116.8
TANK_BLD_002_01,BLD_002,2025-10-14 17:00:00,5000,4387,87.7,150.2,92.6
TANK_BLD_002_01,BLD_002,2025-10-14 18:00:00,5000,4543,90.9,130.7,139.9
TANK_BLD_002_01,BLD_002,2025-10-14 19:00:00,5000,4072,81.4,132.7,89.2
TANK_BLD_002_01,BLD_002,2025-10-14 20:00:00,5000,4299,86.0,153.7,131.1
TANK_BLD_002_01,BLD_002,2025-10-14 21:00:00,5000,4416,88.3,144.7,119.0
TANK_BLD_002_01,BLD_002,2025-10-14 22:00:00,5000,4559,91.2,163.1,125.6
TANK_BLD_002_01,BLD_002,2025-10-14 23:00:00,5000,4360,87.2,145.5,108.0
TANK_BLD_002_02,BLD_002,2025-10-01 00:00:00,3000,2750,91.7,163.4,115.7
TANK_BLD_002_02,BLD_002,2025-10-01 01:00:00,3000,2434,81.1,132.0,104.0
TANK_BLD_002_02,BLD_002,2025-10-01 02:00:00,3000,2419,80.6,147.2,117.2
TANK_BLD_002_02,BLD_002,2025-10-01 03:00:00,3000,2702,90.1,147.5,115.7
TANK_BLD_002_02,BLD_002,2025-10-01 04:00:00,3000,2404,80.1,163.9,138.0
TANK_BLD_002_02,BLD_002,2025-10-01 05:00:00,3000,2632,87.7,131.4,113.6
TANK_BLD_002_02,BLD_002,2025-10-01 06:00:00,3000,2659,88.6,145.1,123.4
TANK_BLD_002_02,BLD_002,2025-10-01 07:00:00,3000,2575,85.8,139.8,113.8
TANK_BLD_002_02,BLD_002,2025-10-01 08:00:00,3000,2664,88.8,127.8,122.4
TANK_BLD_002_02,BLD_002,2025-10-01 09:00:00,3000,2512,83.7,148.4,132.4
TANK_BLD_002_02,BLD_002,2025-10-01 10:00:00,3000,2625,87.5,139.7,117.6
TANK_BLD_002_02,BLD_002,2025-10-01 11:00:00,3000,2544,84.8,126.0,128.5
TANK_BLD_002_02,BLD_002,2025-10-01 12:00:00,3000,2705,90.2,144.2,107.9
TANK_BLD_002_02,BLD_002,2025-10-01 13:00:00,3000,2445,81.5,142.7,118.8
TANK_BLD_002_02,BLD_002,2025-10-01 14:00:00,3000,2498,83.3,141.9,90.4
TANK_BLD_002_02,BLD_002,2025-10-01 15:00:00,3000,2596,86.5,152.7,98.7
TANK_BLD_002_02,BLD_002,2025-10-01 16:00:00,3000,2583,86.1,163.9,113.8
TANK_BLD_002_02,BLD_002,2025-10-01 17:00:00,3000,2596,86.5,156.0,118.2
TANK_BLD_002_02,BLD_002,2025-10-01 18:00:00,3000,2704,90.1,128.2,110.3
TANK_BLD_002_02,BLD_002,2025-10-01 19:00:00,3000,2639,88.0,150.6,121.7
TANK_BLD_002_02,BLD_002,2025-10-01 20:00:00,3000,2717,90.6,136.1,99.5
TANK_BLD_002_02,BLD_002,2025-10-01 21:00:00,3000,2726,90.9,145.8,138.0
TANK_BLD_002_02,BLD_002,2025-10-01 22:00:00,3000,2591,86.4,151.8,131.0
TANK_BLD_002_02,BLD_002,2025-10-01 23:00:00,3000,2492,83.1,160.5,86.9
TANK_BLD_002_02,BLD_002,2025-10-02 00:00:00,3000,2435,81.2,142.7,123.6
TANK_BLD_002_02,BLD_002,2025-10-02 01:00:00,3000,2546,84.9,147.8,136.7
TANK_BLD_002_02,BLD_002,2025-10-02 02:00:00,3000,2703,90.1,155.1,118.6
TANK_BLD_002_02,BLD_002,2025-10-02 03:00:00,3000,2475,82.5,137.9,129.1
TANK_BLD_002_02,BLD_002,2025-10-02 04:00:00,3000,2755,91.8,159.6,120.0
TANK_BLD_002_02,BLD_002,2025-10-02 05:00:00,3000,2582,86.1,111.5,103.0
TANK_BLD_002_02,BLD_002,2025-10-02 06:00:00,3000,2521,84.0,114.1,140.4
TANK_BLD_002_02,BLD_002,2025-10-02 07:00:00,3000,2413,80.4,137.6,111.7
TANK_BLD_002_02,BLD_002,2025-10-02 08:00:00,3000,2712,90.4,171.3,126.4
TANK_BLD_002_02,BLD_002,2025-10-02 09:00:00,3000,2744,91.5,135.6,113.1
TANK_BLD_002_02,BLD_002,2025-10-02 10:00:00,3000,2545,84.8,164.4,119.1
TANK_BLD_002_02,BLD_002,2025-10-02 11:00:00,3000,2602,86.7,165.2,109.6
TANK_BLD_002_02,BLD_002,2025-10-02 12:00:00,3000,2582,86.1,154.0,105.8
TANK_BLD_002_02,BLD_002,2025-10-02 13:00:00,3000,2728,90.9,154.3,133.7
TANK_BLD_002_02,BLD_002,2025-10-02 14:00:00,3000,2536,84.5,149.0,109.6
TANK_BLD_002_02,BLD_002,2025-10-02 15:00:00,3000,2671,89.0,131.0,112.0
TANK_BLD_002_02,BLD_002,2025-10-02 16:00:00,3000,2735,91.2,157.1,133.2
TANK_BLD_002_02,BLD_002,2025-10-02 17:00:00,3000,2449,81.6,136.6,123.3
TANK_BLD_002_02,BLD_002,2025-10-02 18:00:00,3000,2703,90.1,176.8,115.3
TANK_BLD_002_02,BLD_002,2025-10-02 19:00:00,3000,2737,91.2,157.8,111.9
TANK_BLD_002_02,BLD_002,2025-10-02 20:00:00,3000,2648,88.3,150.1,106.6
TANK_BLD_002_02,BLD_002,2025-10-02 21:00:00,3000,2681,89.4,156.4,116.1
TANK_BLD_002_02,BLD_002,2025-10-02 22:00:00,3000,2419,80.6,158.0,135.6
TANK_BLD_002_02,BLD_002,2025-10-02 23:00:00,3000,2513,83.8,163.6,128.5
TANK_BLD_002_02,BLD_002,2025-10-03 00:00:00,3000,2736,91.2,171.7,107.7
TANK_BLD_002_02,BLD_002,2025-10-03 01:00:00,3000,2617,87.2,164.8,120.8
TANK_BLD_002_02,BLD_002,2025-10-03 02:00:00,3000,2401,80.0,154.7,98.7
TANK_BLD_002_02,BLD_002,2025-10-03 03:00:00,3000,2464,82.1,153.8,128.5
TANK_BLD_002_02,BLD_002,2025-10-03 04:00:00,3000,2572,85.7,146.9,135.9
TANK_BLD_002_02,BLD_002,2025-10-03 05:00:00,3000,2601,86.7,156.3,110.4
TANK_BLD_002_02,BLD_002,2025-10-03 06:00:00,3000,2572,85.7,145.4,97.4
TANK_BLD_002_02,BLD_002,2025-10-03 07:00:00,3000,2475,82.5,150.5,133.4
TANK_BLD_002_02,BLD_002,2025-10-03 08:00:00,3000,2623,87.4,159.8,100.7
TANK_BLD_002_02,BLD_002,2025-10-03 09:00:00,3000,2758,91.9,151.5,132.3
TANK_BLD_002_02,BLD_002,2025-10-03 10:00:00,3000,2757,91.9,135.5,128.0
TANK_BLD_002_02,BLD_002,2025-10-03 11:00:00,3000,2546,84.9,131.7,104.5
TANK_BLD_002_02,BLD_002,2025-10-03 12:00:00,3000,2674,89.1,142.6,121.1
TANK_BLD_002_02,BLD_002,2025-10-03 13:00:00,3000,2716,90.5,141.5,127.5
TANK_BLD_002_02,BLD_002,2025-10-03 14:00:00,3000,2592,86.4,139.0,109.9
TANK_BLD_002_02,BLD_002,2025-10-03 15:00:00,3000,2620,87.3,146.9,128.6
TANK_BLD_002_02,BLD_002,2025-10-03 16:00:00,3000,2586,86.2,165.4,118.9
TANK_BLD_002_02,BLD_002,2025-10-03 17:00:00,3000,2648,88.3,143.8,99.3
TANK_BLD_002_02,BLD_002,2025-10-03 18:00:00,3000,2554,85.1,181.9,121.8
TANK_BLD_002_02,BLD_002,2025-10-03 19:00:00,3000,2603,86.8,152.3,111.7
TANK_BLD_002_02,BLD_002,2025-10-03 20:00:00,3000,2405,80.2,157.3,117.6
TANK_BLD_002_02,BLD_002,2025-10-03 21:00:00,3000,2509,83.6,165.2,102.4
TANK_BLD_002_02,BLD_002,2025-10-03 22:00:00,3000,2674,89.1,165.6,120.0
TANK_BLD_002_02,BLD_002,2025-10-03 23:00:00,3000,2414,80.5,146.4,131.2
TANK_BLD_002_02,BLD_002,2025-10-04 00:00:00,3000,2700,90.0,135.2,126.3
TANK_BLD_002_02,BLD_002,2025-10-04 01:00:00,3000,2730,91.0,137.9,110.3
TANK_BLD_002_02,BLD_002,2025-10-04 02:00:00,3000,2693,89.8,146.7,116.3
TANK_BLD_002_02,BLD_002,2025-10-04 03:00:00,3000,2581,86.0,146.0,123.0
TANK_BLD_002_02,BLD_002,2025-10-04 04:00:00,3000,2597,86.6,161.0,125.1
TANK_BLD_002_02,BLD_002,2025-10-04 05:00:00,3000,2737,91.2,159.4,134.0
TANK_BLD_002_02,BLD_002,2025-10-04 06:00:00,3000,2556,85.2,155.1,112.5
TANK_BLD_002_02,BLD_002,2025-10-04 07:00:00,3000,2757,91.9,186.4,119.1
TANK_BLD_002_02,BLD_002,2025-10-04 08:00:00,3000,2648,88.3,156.8,140.6
TANK_BLD_002_02,BLD_002,2025-10-04 09:00:00,3000,2480,82.7,152.2,124.0
TANK_BLD_002_02,BLD_002,2025-10-04 10:00:00,3000,2485,82.8,158.2,117.2
TANK_BLD_002_02,BLD_002,2025-10-04 11:00:00,3000,2719,90.6,142.9,118.8
TANK_BLD_002_02,BLD_002,2025-10-04 12:00:00,3000,2417,80.6,162.7,102.9
TANK_BLD_002_02,BLD_002,2025-10-04 13:00:00,3000,2610,87.0,170.9,130.3
TANK_BLD_002_02,BLD_002,2025-10-04 14:00:00,3000,2407,80.2,145.8,110.5
TANK_BLD_002_02,BLD_002,2025-10-04 15:00:00,3000,2456,81.9,153.1,112.4
TANK_BLD_002_02,BLD_002,2025-10-04 16:00:00,3000,2694,89.8,160.7,126.9
TANK_BLD_002_02,BLD_002,2025-10-04 17:00:00,3000,2640,88.0,136.4,131.2
TANK_BLD_002_02,BLD_002,2025-10-04 18:00:00,3000,2757,91.9,142.0,112.9
TANK_BLD_002_02,BLD_002,2025-10-04 19:00:00,3000,2504,83.5,158.0,134.6
TANK_BLD_002_02,BLD_002,2025-10-04 20:00:00,3000,2587,86.2,147.8,124.4
TANK_BLD_002_02,BLD_002,2025-10-04 21:00:00,3000,2520,84.0,148.8,121.0
TANK_BLD_002_02,BLD_002,2025-10-04 22:00:00,3000,2741,91.4,162.0,120.2
TANK_BLD_002_02,BLD_002,2025-10-04 23:00:00,3000,2521,84.0,147.8,141.9
TANK_BLD_002_02,BLD_002,2025-10-05 00:00:00,3000,2626,87.5,157.8,120.1
TANK_BLD_002_02,BLD_002,2025-10-05 01:00:00,3000,2649,88.3,155.3,117.4
TANK_BLD_002_02,BLD_002,2025-10-05 02:00:00,3000,2506,83.5,137.9,116.9
TANK_BLD_002_02,BLD_002,2025-10-05 03:00:00,3000,2724,90.8,135.1,109.4
TANK_BLD_002_02,BLD_002,2025-10-05 04:00:00,3000,2731,91.0,144.5,123.8
TANK_BLD_002_02,BLD_002,2025-10-05 05:00:00,3000,2677,89.2,152.8,135.4
TANK_BLD_002_02,BLD_002,2025-10-05 06:00:00,3000,2641,88.0,178.9,119.2
TANK_BLD_002_02,BLD_002,2025-10-05 07:00:00,3000,2412,80.4,132.4,118.2
TANK_BLD_002_02,BLD_002,2025-10-05 08:00:00,3000,2696,89.9,143.0,97.2
TANK_BLD_002_02,BLD_002,2025-10-05 09:00:00,3000,2554,85.1,148.4,138.6
TANK_BLD_002_02,BLD_002,2025-10-05 10:00:00,3000,2684,89.5,159.7,120.9
TANK_BLD_002_02,BLD_002,2025-10-05 11:00:00,3000,2427,80.9,132.0,140.1
TANK_BLD_002_02,BLD_002,2025-10-05 12:00:00,3000,2697,89.9,163.9,102.5
TANK_BLD_002_02,BLD_002,2025-10-05 13:00:00,3000,2647,88.2,169.1,108.6
TANK_BLD_002_02,BLD_002,2025-10-05 14:00:00,3000,2589,86.3,158.1,114.8
TANK_BLD_002_02,BLD_002,2025-10-05 15:00:00,3000,2695,89.8,172.2,99.2
TANK_BLD_002_02,BLD_002,2025-10-05 16:00:00,3000,2493,83.1,133.3,133.3
TANK_BLD_002_02,BLD_002,2025-10-05 17:00:00,3000,2704,90.1,137.8,112.7
TANK_BLD_002_02,BLD_002,2025-10-05 18:00:00,3000,2583,86.1,159.6,111.3
TANK_BLD_002_02,BLD_002,2025-10-05 19:00:00,3000,2487,82.9,159.6,140.3
TANK_BLD_002_02,BLD_002,2025-10-05 20:00:00,3000,2755,91.8,141.0,136.6
TANK_BLD_002_02,BLD_002,2025-10-05 21:00:00,3000,2671,89.0,127.7,122.4
TANK_BLD_002_02,BLD_002,2025-10-05 22:00:00,3000,2601,86.7,186.8,107.0
TANK_BLD_002_02,BLD_002,2025-10-05 23:00:00,3000,2598,86.6,150.9,126.6
TANK_BLD_002_02,BLD_002,2025-10-06 00:00:00,3000,2705,90.2,140.4,97.7
TANK_BLD_002_02,BLD_002,2025-10-06 01:00:00,3000,2569,85.6,138.1,102.5
TANK_BLD_002_02,BLD_002,2025-10-06 02:00:00,3000,2615,87.2,177.7,133.0
TANK_BLD_002_02,BLD_002,2025-10-06 03:00:00,3000,2527,84.2,164.3,101.2
TANK_BLD_002_02,BLD_002,2025-10-06 04:00:00,3000,2448,81.6,149.2,118.9
TANK_BLD_002_02,BLD_002,2025-10-06 05:00:00,3000,2407,80.2,161.2,105.3
TANK_BLD_002_02,BLD_002,2025-10-06 06:00:00,3000,2422,80.7,162.6,118.5
TANK_BLD_002_02,BLD_002,2025-10-06 07:00:00,3000,2685,89.5,157.1,117.4
TANK_BLD_002_02,BLD_002,2025-10-06 08:00:00,3000,2519,84.0,148.5,133.0
TANK_BLD_002_02,BLD_002,2025-10-06 09:00:00,3000,2640,88.0,134.4,127.0
TANK_BLD_002_02,BLD_002,2025-10-06 10:00:00,3000,2472,82.4,163.1,119.2
TANK_BLD_002_02,BLD_002,2025-10-06 11:00:00,3000,2404,80.1,183.5,115.8
TANK_BLD_002_02,BLD_002,2025-10-06 12:00:00,3000,2647,88.2,148.2,112.3
TANK_BLD_002_02,BLD_002,2025-10-06 13:00:00,3000,2610,87.0,154.1,145.0
TANK_BLD_002_02,BLD_002,2025-10-06 14:00:00,3000,2458,81.9,163.0,120.9
TANK_BLD_002_02,BLD_002,2025-10-06 15:00:00,3000,2406,80.2,140.7,122.5
TANK_BLD_002_02,BLD_002,2025-10-06 16:00:00,3000,2402,80.1,146.3,106.4
TANK_BLD_002_02,BLD_002,2025-10-06 17:00:00,3000,2689,89.6,162.4,102.8
TANK_BLD_002_02,BLD_002,2025-10-06 18:00:00,3000,2548,84.9,151.3,101.0
TANK_BLD_002_02,BLD_002,2025-10-06 19:00:00,3000,2687,89.6,154.3,123.3
TANK_BLD_002_02,BLD_002,2025-10-06 20:00:00,3000,2522,84.1,140.7,127.6
TANK_BLD_002_02,BLD_002,2025-10-06 21:00:00,3000,2666,88.9,179.7,110.4
TANK_BLD_002_02,BLD_002,2025-10-06 22:00:00,3000,2653,88.4,133.4,124.6
TANK_BLD_002_02,BLD_002,2025-10-06 23:00:00,3000,2407,80.2,153.4,106.9
TANK_BLD_002_02,BLD_002,2025-10-07 00:00:00,3000,2617,87.2,136.4,139.2
TANK_BLD_002_02,BLD_002,2025-10-07 01:00:00,3000,2679,89.3,156.2,122.4
TANK_BLD_002_02,BLD_002,2025-10-07 02:00:00,3000,2647,88.2,133.8,128.5
TANK_BLD_002_02,BLD_002,2025-10-07 03:00:00,3000,2593,86.4,176.7,126.7
TANK_BLD_002_02,BLD_002,2025-10-07 04:00:00,3000,2759,92.0,152.4,116.6
TANK_BLD_002_02,BLD_002,2025-10-07 05:00:00,3000,2449,81.6,127.3,132.7
TANK_BLD_002_02,BLD_002,2025-10-07 06:00:00,3000,2565,85.5,156.5,115.9
TANK_BLD_002_02,BLD_002,2025-10-07 07:00:00,3000,2611,87.0,151.6,127.6
TANK_BLD_002_02,BLD_002,2025-10-07 08:00:00,3000,2445,81.5,139.3,139.9
TANK_BLD_002_02,BLD_002,2025-10-07 09:00:00,3000,2511,83.7,153.7,117.0
TANK_BLD_002_02,BLD_002,2025-10-07 10:00:00,3000,2423,80.8,134.8,106.8
TANK_BLD_002_02,BLD_002,2025-10-07 11:00:00,3000,2458,81.9,145.4,120.1
TANK_BLD_002_02,BLD_002,2025-10-07 12:00:00,3000,2508,83.6,147.2,125.2
TANK_BLD_002_02,BLD_002,2025-10-07 13:00:00,3000,2530,84.3,189.0,106.4
TANK_BLD_002_02,BLD_002,2025-10-07 14:00:00,3000,2691,89.7,154.2,117.2
TANK_BLD_002_02,BLD_002,2025-10-07 15:00:00,3000,2673,89.1,143.4,122.9
TANK_BLD_002_02,BLD_002,2025-10-07 16:00:00,3000,2408,80.3,165.6,123.2
TANK_BLD_002_02,BLD_002,2025-10-07 17:00:00,3000,2610,87.0,149.7,119.8
TANK_BLD_002_02,BLD_002,2025-10-07 18:00:00,3000,2652,88.4,138.0,126.5
TANK_BLD_002_02,BLD_002,2025-10-07 19:00:00,3000,2410,80.3,173.8,98.9
TANK_BLD_002_02,BLD_002,2025-10-07 20:00:00,3000,2654,88.5,156.5,134.6
TANK_BLD_002_02,BLD_002,2025-10-07 21:00:00,3000,2440,81.3,165.8,110.1
TANK_BLD_002_02,BLD_002,2025-10-07 22:00:00,3000,2706,90.2,132.9,129.8
TANK_BLD_002_02,BLD_002,2025-10-07 23:00:00,3000,2743,91.4,133.9,118.3
TANK_BLD_002_02,BLD_002,2025-10-08 00:00:00,3000,2440,81.3,137.5,143.6
TANK_BLD_002_02,BLD_002,2025-10-08 01:00:00,3000,2434,81.1,162.0,127.7
TANK_BLD_002_02,BLD_002,2025-10-08 02:00:00,3000,2661,88.7,159.5,108.1
TANK_BLD_002_02,BLD_002,2025-10-08 03:00:00,3000,2404,80.1,137.5,100.7
TANK_BLD_002_02,BLD_002,2025-10-08 04:00:00,3000,2701,90.0,149.8,93.5
TANK_BLD_002_02,BLD_002,2025-10-08 05:00:00,3000,2742,91.4,143.7,115.3
TANK_BLD_002_02,BLD_002,2025-10-08 06:00:00,3000,2684,89.5,125.7,122.9
TANK_BLD_002_02,BLD_002,2025-10-08 07:00:00,3000,2433,81.1,129.7,109.9
TANK_BLD_002_02,BLD_002,2025-10-08 08:00:00,3000,2584,86.1,159.3,117.8
TANK_BLD_002_02,BLD_002,2025-10-08 09:00:00,3000,2716,90.5,173.7,109.9
TANK_BLD_002_02,BLD_002,2025-10-08 10:00:00,3000,2432,81.1,148.1,158.6
TANK_BLD_002_02,BLD_002,2025-10-08 11:00:00,3000,2467,82.2,167.9,141.1
TANK_BLD_002_02,BLD_002,2025-10-08 12:00:00,3000,2635,87.8,150.7,114.8
TANK_BLD_002_02,BLD_002,2025-10-08 13:00:00,3000,2614,87.1,140.7,112.6
TANK_BLD_002_02,BLD_002,2025-10-08 14:00:00,3000,2499,83.3,161.6,138.5
TANK_BLD_002_02,BLD_002,2025-10-08 15:00:00,3000,2704,90.1,157.8,116.9
TANK_BLD_002_02,BLD_002,2025-10-08 16:00:00,3000,2668,88.9,137.7,117.5
TANK_BLD_002_02,BLD_002,2025-10-08 17:00:00,3000,2493,83.1,148.8,122.3
TANK_BLD_002_02,BLD_002,2025-10-08 18:00:00,3000,2519,84.0,157.8,113.7
TANK_BLD_002_02,BLD_002,2025-10-08 19:00:00,3000,2499,83.3,136.7,98.9
TANK_BLD_002_02,BLD_002,2025-10-08 20:00:00,3000,2556,85.2,151.7,88.5
TANK_BLD_002_02,BLD_002,2025-10-08 21:00:00,3000,2693,89.8,157.5,126.4
TANK_BLD_002_02,BLD_002,2025-10-08 22:00:00,3000,2436,81.2,145.7,122.7
TANK_BLD_002_02,BLD_002,2025-10-08 23:00:00,3000,2445,81.5,165.7,121.8
TANK_BLD_002_02,BLD_002,2025-10-09 00:00:00,3000,2756,91.9,173.0,138.0
TANK_BLD_002_02,BLD_002,2025-10-09 01:00:00,3000,2672,89.1,140.7,114.0
TANK_BLD_002_02,BLD_002,2025-10-09 02:00:00,3000,2673,89.1,136.7,115.5
TANK_BLD_002_02,BLD_002,2025-10-09 03:00:00,3000,2513,83.8,154.8,118.8
TANK_BLD_002_02,BLD_002,2025-10-09 04:00:00,3000,2651,88.4,157.5,120.4
TANK_BLD_002_02,BLD_002,2025-10-09 05:00:00,3000,2725,90.8,163.7,120.3
TANK_BLD_002_02,BLD_002,2025-10-09 06:00:00,3000,2546,84.9,138.9,111.1
TANK_BLD_002_02,BLD_002,2025-10-09 07:00:00,3000,2638,87.9,182.1,120.2
TANK_BLD_002_02,BLD_002,2025-10-09 08:00:00,3000,2647,88.2,129.4,121.7
TANK_BLD_002_02,BLD_002,2025-10-09 09:00:00,3000,2628,87.6,182.5,135.8
TANK_BLD_002_02,BLD_002,2025-10-09 10:00:00,3000,2509,83.6,166.0,125.4
TANK_BLD_002_02,BLD_002,2025-10-09 11:00:00,3000,2759,92.0,153.1,134.5
TANK_BLD_002_02,BLD_002,2025-10-09 12:00:00,3000,2470,82.3,156.4,122.1
TANK_BLD_002_02,BLD_002,2025-10-09 13:00:00,3000,2476,82.5,140.2,114.6
TANK_BLD_002_02,BLD_002,2025-10-09 14:00:00,3000,2665,88.8,140.2,118.3
TANK_BLD_002_02,BLD_002,2025-10-09 15:00:00,3000,2715,90.5,121.2,127.9
TANK_BLD_002_02,BLD_002,2025-10-09 16:00:00,3000,2524,84.1,144.3,98.4
TANK_BLD_002_02,BLD_002,2025-10-09 17:00:00,3000,2521,84.0,172.7,123.2
TANK_BLD_002_02,BLD_002,2025-10-09 18:00:00,3000,2643,88.1,153.9,97.7
TANK_BLD_002_02,BLD_002,2025-10-09 19:00:00,3000,2702,90.1,180.5,129.9
TANK_BLD_002_02,BLD_002,2025-10-09 20:00:00,3000,2476,82.5,161.5,135.4
TANK_BLD_002_02,BLD_002,2025-10-09 21:00:00,3000,2732,91.1,157.8,111.8
TANK_BLD_002_02,BLD_002,2025-10-09 22:00:00,3000,2430,81.0,175.0,145.1
TANK_BLD_002_02,BLD_002,2025-10-09 23:00:00,3000,2540,84.7,127.5,121.3
TANK_BLD_002_02,BLD_002,2025-10-10 00:00:00,3000,2668,88.9,154.8,123.9
TANK_BLD_002_02,BLD_002,2025-10-10 01:00:00,3000,2455,81.8,157.1,128.8
TANK_BLD_002_02,BLD_002,2025-10-10 02:00:00,3000,2591,86.4,143.1,123.1
TANK_BLD_002_02,BLD_002,2025-10-10 03:00:00,3000,2590,86.3,156.5,128.0
TANK_BLD_002_02,BLD_002,2025-10-10 04:00:00,3000,2736,91.2,161.0,116.7
TANK_BLD_002_02,BLD_002,2025-10-10 05:00:00,3000,2517,83.9,163.7,130.8
TANK_BLD_002_02,BLD_002,2025-10-10 06:00:00,3000,2407,80.2,171.6,122.6
TANK_BLD_002_02,BLD_002,2025-10-10 07:00:00,3000,2472,82.4,186.7,115.9
TANK_BLD_002_02,BLD_002,2025-10-10 08:00:00,3000,2458,81.9,139.2,131.9
TANK_BLD_002_02,BLD_002,2025-10-10 09:00:00,3000,2476,82.5,118.8,136.2
TANK_BLD_002_02,BLD_002,2025-10-10 10:00:00,3000,2731,91.0,149.3,132.5
TANK_BLD_002_02,BLD_002,2025-10-10 11:00:00,3000,2529,84.3,132.3,109.4
TANK_BLD_002_02,BLD_002,2025-10-10 12:00:00,3000,2596,86.5,140.9,131.7
TANK_BLD_002_02,BLD_002,2025-10-10 13:00:00,3000,2468,82.3,138.5,119.5
TANK_BLD_002_02,BLD_002,2025-10-10 14:00:00,3000,2652,88.4,139.5,162.7
TANK_BLD_002_02,BLD_002,2025-10-10 15:00:00,3000,2508,83.6,145.3,131.4
TANK_BLD_002_02,BLD_002,2025-10-10 16:00:00,3000,2717,90.6,142.2,123.6
TANK_BLD_002_02,BLD_002,2025-10-10 17:00:00,3000,2699,90.0,155.2,108.8
TANK_BLD_002_02,BLD_002,2025-10-10 18:00:00,3000,2639,88.0,162.8,131.5
TANK_BLD_002_02,BLD_002,2025-10-10 19:00:00,3000,2637,87.9,156.3,137.8
TANK_BLD_002_02,BLD_002,2025-10-10 20:00:00,3000,2494,83.1,170.7,110.4
TANK_BLD_002_02,BLD_002,2025-10-10 21:00:00,3000,2554,85.1,154.4,121.1
TANK_BLD_002_02,BLD_002,2025-10-10 22:00:00,3000,2599,86.6,119.8,120.9
TANK_BLD_002_02,BLD_002,2025-10-10 23:00:00,3000,2492,83.1,129.3,117.2
TANK_BLD_002_02,BLD_002,2025-10-11 00:00:00,3000,2431,81.0,158.5,123.7
TANK_BLD_002_02,BLD_002,2025-10-11 01:00:00,3000,2737,91.2,141.9,121.7
TANK_BLD_002_02,BLD_002,2025-10-11 02:00:00,3000,2667,88.9,154.8,111.1
TANK_BLD_002_02,BLD_002,2025-10-11 03:00:00,3000,2681,89.4,163.2,133.0
TANK_BLD_002_02,BLD_002,2025-10-11 04:00:00,3000,2494,83.1,145.7,127.4
TANK_BLD_002_02,BLD_002,2025-10-11 05:00:00,3000,2447,81.6,142.1,128.8
TANK_BLD_002_02,BLD_002,2025-10-11 06:00:00,3000,2718,90.6,166.2,134.9
TANK_BLD_002_02,BLD_002,2025-10-11 07:00:00,3000,2532,84.4,143.6,106.8
TANK_BLD_002_02,BLD_002,2025-10-11 08:00:00,3000,2616,87.2,128.7,119.0
TANK_BLD_002_02,BLD_002,2025-10-11 09:00:00,3000,2451,81.7,147.1,118.2
TANK_BLD_002_02,BLD_002,2025-10-11 10:00:00,3000,2608,86.9,152.7,111.1
TANK_BLD_002_02,BLD_002,2025-10-11 11:00:00,3000,2706,90.2,133.3,115.9
TANK_BLD_002_02,BLD_002,2025-10-11 12:00:00,3000,2463,82.1,152.0,133.1
TANK_BLD_002_02,BLD_002,2025-10-11 13:00:00,3000,2414,80.5,170.0,118.2
TANK_BLD_002_02,BLD_002,2025-10-11 14:00:00,3000,2661,88.7,167.2,119.6
TANK_BLD_002_02,BLD_002,2025-10-11 15:00:00,3000,2443,81.4,163.1,126.9
TANK_BLD_002_02,BLD_002,2025-10-11 16:00:00,3000,2596,86.5,159.8,142.6
TANK_BLD_002_02,BLD_002,2025-10-11 17:00:00,3000,2528,84.3,126.1,125.4
TANK_BLD_002_02,BLD_002,2025-10-11 18:00:00,3000,2559,85.3,140.4,115.5
TANK_BLD_002_02,BLD_002,2025-10-11 19:00:00,3000,2516,83.9,144.8,132.4
TANK_BLD_002_02,BLD_002,2025-10-11 20:00:00,3000,2669,89.0,145.7,105.1
TANK_BLD_002_02,BLD_002,2025-10-11 21:00:00,3000,2441,81.4,154.9,108.0
TANK_BLD_002_02,BLD_002,2025-10-11 22:00:00,3000,2619,87.3,148.0,102.2
TANK_BLD_002_02,BLD_002,2025-10-11 23:00:00,3000,2711,90.4,143.1,121.9
TANK_BLD_002_02,BLD_002,2025-10-12 00:00:00,3000,2753,91.8,140.5,148.2
TANK_BLD_002_02,BLD_002,2025-10-12 01:00:00,3000,2555,85.2,137.3,121.8
TANK_BLD_002_02,BLD_002,2025-10-12 02:00:00,3000,2735,91.2,132.7,125.5
TANK_BLD_002_02,BLD_002,2025-10-12 03:00:00,3000,2603,86.8,171.7,135.3
TANK_BLD_002_02,BLD_002,2025-10-12 04:00:00,3000,2610,87.0,155.9,105.5
TANK_BLD_002_02,BLD_002,2025-10-12 05:00:00,3000,2420,80.7,165.8,145.6
TANK_BLD_002_02,BLD_002,2025-10-12 06:00:00,3000,2636,87.9,156.0,127.8
TANK_BLD_002_02,BLD_002,2025-10-12 07:00:00,3000,2427,80.9,170.4,119.5
TANK_BLD_002_02,BLD_002,2025-10-12 08:00:00,3000,2513,83.8,173.9,110.2
TANK_BLD_002_02,BLD_002,2025-10-12 09:00:00,3000,2730,91.0,140.3,132.3
TANK_BLD_002_02,BLD_002,2025-10-12 10:00:00,3000,2528,84.3,136.3,119.4
TANK_BLD_002_02,BLD_002,2025-10-12 11:00:00,3000,2470,82.3,153.5,133.8
TANK_BLD_002_02,BLD_002,2025-10-12 12:00:00,3000,2628,87.6,156.8,114.8
TANK_BLD_002_02,BLD_002,2025-10-12 13:00:00,3000,2712,90.4,163.1,120.6
TANK_BLD_002_02,BLD_002,2025-10-12 14:00:00,3000,2704,90.1,163.8,130.9
TANK_BLD_002_02,BLD_002,2025-10-12 15:00:00,3000,2438,81.3,146.2,118.4
TANK_BLD_002_02,BLD_002,2025-10-12 16:00:00,3000,2403,80.1,128.6,126.3
TANK_BLD_002_02,BLD_002,2025-10-12 17:00:00,3000,2579,86.0,150.5,120.8
TANK_BLD_002_02,BLD_002,2025-10-12 18:00:00,3000,2430,81.0,167.5,136.2
TANK_BLD_002_02,BLD_002,2025-10-12 19:00:00,3000,2479,82.6,145.9,122.1
TANK_BLD_002_02,BLD_002,2025-10-12 20:00:00,3000,2576,85.9,140.2,125.8
TANK_BLD_002_02,BLD_002,2025-10-12 21:00:00,3000,2523,84.1,157.1,112.8
TANK_BLD_002_02,BLD_002,2025-10-12 22:00:00,3000,2421,80.7,134.0,127.9
TANK_BLD_002_02,BLD_002,2025-10-12 23:00:00,3000,2530,84.3,186.4,113.7
TANK_BLD_002_02,BLD_002,2025-10-13 00:00:00,3000,2641,88.0,119.8,128.8
TANK_BLD_002_02,BLD_002,2025-10-13 01:00:00,3000,2721,90.7,149.0,110.0
TANK_BLD_002_02,BLD_002,2025-10-13 02:00:00,3000,2679,89.3,152.2,116.2
TANK_BLD_002_02,BLD_002,2025-10-13 03:00:00,3000,2695,89.8,142.3,107.5
TANK_BLD_002_02,BLD_002,2025-10-13 04:00:00,3000,2484,82.8,151.5,123.7
TANK_BLD_002_02,BLD_002,2025-10-13 05:00:00,3000,2507,83.6,151.8,122.6
TANK_BLD_002_02,BLD_002,2025-10-13 06:00:00,3000,2502,83.4,131.7,114.1
TANK_BLD_002_02,BLD_002,2025-10-13 07:00:00,3000,2750,91.7,164.4,120.5
TANK_BLD_002_02,BLD_002,2025-10-13 08:00:00,3000,2525,84.2,168.8,112.5
TANK_BLD_002_02,BLD_002,2025-10-13 09:00:00,3000,2671,89.0,145.6,127.4
TANK_BLD_002_02,BLD_002,2025-10-13 10:00:00,3000,2568,85.6,155.3,125.6
TANK_BLD_002_02,BLD_002,2025-10-13 11:00:00,3000,2542,84.7,140.2,127.6
TANK_BLD_002_02,BLD_002,2025-10-13 12:00:00,3000,2503,83.4,105.0,115.1
TANK_BLD_002_02,BLD_002,2025-10-13 13:00:00,3000,2587,86.2,120.2,126.3
TANK_BLD_002_02,BLD_002,2025-10-13 14:00:00,3000,2463,82.1,142.2,136.8
TANK_BLD_002_02,BLD_002,2025-10-13 15:00:00,3000,2582,86.1,160.6,123.0
TANK_BLD_002_02,BLD_002,2025-10-13 16:00:00,3000,2655,88.5,149.8,123.4
TANK_BLD_002_02,BLD_002,2025-10-13 17:00:00,3000,2749,91.6,121.9,146.4
TANK_BLD_002_02,BLD_002,2025-10-13 18:00:00,3000,2519,84.0,132.2,128.3
TANK_BLD_002_02,BLD_002,2025-10-13 19:00:00,3000,2438,81.3,166.2,94.1
TANK_BLD_002_02,BLD_002,2025-10-13 20:00:00,3000,2505,83.5,136.1,118.3
TANK_BLD_002_02,BLD_002,2025-10-13 21:00:00,3000,2494,83.1,151.2,112.7
TANK_BLD_002_02,BLD_002,2025-10-13 22:00:00,3000,2670,89.0,142.3,105.9
TANK_BLD_002_02,BLD_002,2025-10-13 23:00:00,3000,2406,80.2,156.8,126.6
TANK_BLD_002_02,BLD_002,2025-10-14 00:00:00,3000,2423,80.8,156.5,118.5
TANK_BLD_002_02,BLD_002,2025-10-14 01:00:00,3000,2541,84.7,117.3,124.7
TANK_BLD_002_02,BLD_002,2025-10-14 02:00:00,3000,2615,87.2,142.7,136.7
TANK_BLD_002_02,BLD_002,2025-10-14 03:00:00,3000,2578,85.9,143.4,141.5
TANK_BLD_002_02,BLD_002,2025-10-14 04:00:00,3000,2404,80.1,155.3,120.2
TANK_BLD_002_02,BLD_002,2025-10-14 05:00:00,3000,2588,86.3,159.9,117.3
TANK_BLD_002_02,BLD_002,2025-10-14 06:00:00,3000,2759,92.0,181.3,136.0
TANK_BLD_002_02,BLD_002,2025-10-14 07:00:00,3000,2594,86.5,140.1,140.1
TANK_BLD_002_02,BLD_002,2025-10-14 08:00:00,3000,2641,88.0,144.6,113.0
TANK_BLD_002_02,BLD_002,2025-10-14 09:00:00,3000,2701,90.0,151.3,130.9
TANK_BLD_002_02,BLD_002,2025-10-14 10:00:00,3000,2411,80.4,153.1,125.2
TANK_BLD_002_02,BLD_002,2025-10-14 11:00:00,3000,2549,85.0,129.2,143.3
TANK_BLD_002_02,BLD_002,2025-10-14 12:00:00,3000,2568,85.6,137.4,114.7
TANK_BLD_002_02,BLD_002,2025-10-14 13:00:00,3000,2479,82.6,148.0,119.4
TANK_BLD_002_02,BLD_002,2025-10-14 14:00:00,3000,2619,87.3,136.7,121.8
TANK_BLD_002_02,BLD_002,2025-10-14 15:00:00,3000,2614,87.1,141.8,117.8
TANK_BLD_002_02,BLD_002,2025-10-14 16:00:00,3000,2507,83.6,153.9,95.9
TANK_BLD_002_02,BLD_002,2025-10-14 17:00:00,3000,2638,87.9,137.5,129.8
TANK_BLD_002_02,BLD_002,2025-10-14 18:00:00,3000,2516,83.9,134.9,103.1
TANK_BLD_002_02,BLD_002,2025-10-14 19:00:00,3000,2760,92.0,138.0,139.9
TANK_BLD_002_02,BLD_002,2025-10-14 20:00:00,3000,2540,84.7,110.3,115.6
TANK_BLD_002_02,BLD_002,2025-10-14 21:00:00,3000,2698,89.9,122.3,116.2
TANK_BLD_002_02,BLD_002,2025-10-14 22:00:00,3000,2679,89.3,146.3,133.2
TANK_BLD_002_02,BLD_002,2025-10-14 23:00:00,3000,2640,88.0,150.7,111.6
