timestamp,building_id,unit_id,tank_id,consumption_liters,flow_rate_lpm
2025-10-01 00:00:00,BLD_001,UNIT_BLD_001_101,TANK_BLD_001_02,8.4,2.11
2025-10-01 04:00:00,BLD_001,UNIT_BLD_001_101,TANK_BLD_001_02,7.7,1.93
2025-10-01 08:00:00,BLD_001,UNIT_BLD_001_101,TANK_BLD_001_02,37.6,9.39
2025-10-01 12:00:00,BLD_001,UNIT_BLD_001_101,TANK_BLD_001_02,22.5,5.64
2025-10-01 16:00:00,BLD_001,UNIT_BLD_001_101,TANK_BLD_001_02,21.9,5.46
2025-10-01 20:00:00,BLD_001,UNIT_BLD_001_101,TANK_BLD_001_02,46.4,11.6
2025-10-02 00:00:00,BLD_001,UNIT_BLD_001_101,TANK_BLD_001_02,7.5,1.88
2025-10-02 04:00:00,BLD_001,UNIT_BLD_001_101,TANK_BLD_001_02,8.8,2.19
2025-10-02 08:00:00,BLD_001,UNIT_BLD_001_101,TANK_BLD_001_02,61.9,15.48
2025-10-02 12:00:00,BLD_001,UNIT_BLD_001_101,TANK_BLD_001_02,18.9,4.72
2025-10-02 16:00:00,BLD_001,UNIT_BLD_001_101,TANK_BLD_001_02,22.6,5.65
2025-10-02 20:00:00,BLD_001,UNIT_BLD_001_101,TANK_BLD_001_02,55.7,13.91
2025-10-03 00:00:00,BLD_001,UNIT_BLD_001_101,TANK_BLD_001_02,9.4,2.35
2025-10-03 04:00:00,BLD_001,UNIT_BLD_001_101,TANK_BLD_001_02,8.1,2.02
2025-10-03 08:00:00,BLD_001,UNIT_BLD_001_101,TANK_BLD_001_02,40.9,10.22
2025-10-03 12:00:00,BLD_001,UNIT_BLD_001_101,TANK_BLD_001_02,18.2,4.54
2025-10-03 16:00:00,BLD_001,UNIT_BLD_001_101,TANK_BLD_001_02,21.4,5.34
2025-10-03 20:00:00,BLD_001,UNIT_BLD_001_101,TANK_BLD_001_02,68.2,17.05
2025-10-04 00:00:00,BLD_001,UNIT_BLD_001_101,TANK_BLD_001_02,7.2,1.81
2025-10-04 04:00:00,BLD_001,UNIT_BLD_001_101,TANK_BLD_001_02,9.3,2.32
2025-10-04 08:00:00,BLD_001,UNIT_BLD_001_101,TANK_BLD_001_02,46.7,11.68
2025-10-04 12:00:00,BLD_001,UNIT_BLD_001_101,TANK_BLD_001_02,20.4,5.11
2025-10-04 16:00:00,BLD_001,UNIT_BLD_001_101,TANK_BLD_001_02,26.1,6.52
2025-10-04 20:00:00,BLD_001,UNIT_BLD_001_101,TANK_BLD_001_02,57.6,14.41
2025-10-05 00:00:00,BLD_001,UNIT_BLD_001_101,TANK_BLD_001_02,6.0,1.5
2025-10-05 04:00:00,BLD_001,UNIT_BLD_001_101,TANK_BLD_001_02,7.1,1.77
2025-10-05 08:00:00,BLD_001,UNIT_BLD_001_101,TANK_BLD_001_02,62.6,15.64
2025-10-05 12:00:00,BLD_001,UNIT_BLD_001_101,TANK_BLD_001_02,20.6,5.14
2025-10-05 16:00:00,BLD_001,UNIT_BLD_001_101,TANK_BLD_001_02,15.4,3.85
2025-10-05 20:00:00,BLD_001,UNIT_BLD_001_101,TANK_BLD_001_02,41.8,10.45
2025-10-06 00:00:00,BLD_001,UNIT_BLD_001_101,TANK_BLD_001_02,9.1,2.28
2025-10-06 04:00:00,BLD_001,UNIT_BLD_001_101,TANK_BLD_001_02,9.6,2.4
2025-10-06 08:00:00,BLD_001,UNIT_BLD_001_101,TANK_BLD_001_02,50.2,12.54
2025-10-06 12:00:00,BLD_001,UNIT_BLD_001_101,TANK_BLD_001_02,29.9,7.48
2025-10-06 16:00:00,BLD_001,UNIT_BLD_001_101,TANK_BLD_001_02,23.3,5.82
2025-10-06 20:00:00,BLD_001,UNIT_BLD_001_101,TANK_BLD_001_02,47.6,11.89
2025-10-07 00:00:00,BLD_001,UNIT_BLD_001_101,TANK_BLD_001_02,6.7,1.67
2025-10-07 04:00:00,BLD_001,UNIT_BLD_001_101,TANK_BLD_001_02,6.4,1.61
2025-10-07 08:00:00,BLD_001,UNIT_BLD_001_101,TANK_BLD_001_02,53.4,13.34
2025-10-07 12:00:00,BLD_001,UNIT_BLD_001_101,TANK_BLD_001_02,18.0,4.51
2025-10-07 16:00:00,BLD_001,UNIT_BLD_001_101,TANK_BLD_001_02,26.7,6.67
2025-10-07 20:00:00,BLD_001,UNIT_BLD_001_101,TANK_BLD_001_02,64.7,16.17
2025-10-08 00:00:00,BLD_001,UNIT_BLD_001_101,TANK_BLD_001_02,9.0,2.25
2025-10-08 04:00:00,BLD_001,UNIT_BLD_001_101,TANK_BLD_001_02,6.1,1.53
2025-10-08 08:00:00,BLD_001,UNIT_BLD_001_101,TANK_BLD_001_02,43.3,10.82
2025-10-08 12:00:00,BLD_001,UNIT_BLD_001_101,TANK_BLD_001_02,25.0,6.26
2025-10-08 16:00:00,BLD_001,UNIT_BLD_001_101,TANK_BLD_001_02,17.7,4.44
2025-10-08 20:00:00,BLD_001,UNIT_BLD_001_101,TANK_BLD_001_02,61.2,15.31
2025-10-09 00:00:00,BLD_001,UNIT_BLD_001_101,TANK_BLD_001_02,8.8,2.19
2025-10-09 04:00:00,BLD_001,UNIT_BLD_001_101,TANK_BLD_001_02,8.1,2.02
2025-10-09 08:00:00,BLD_001,UNIT_BLD_001_101,TANK_BLD_001_02,43.0,10.74
2025-10-09 12:00:00,BLD_001,UNIT_BLD_001_101,TANK_BLD_001_02,19.6,4.91
2025-10-09 16:00:00,BLD_001,UNIT_BLD_001_101,TANK_BLD_001_02,20.8,5.19
2025-10-09 20:00:00,BLD_001,UNIT_BLD_001_101,TANK_BLD_001_02,60.3,15.08
2025-10-10 00:00:00,BLD_001,UNIT_BLD_001_101,TANK_BLD_001_02,6.6,1.65
2025-10-10 04:00:00,BLD_001,UNIT_BLD_001_101,TANK_BLD_001_02,7.6,1.89
2025-10-10 08:00:00,BLD_001,UNIT_BLD_001_101,TANK_BLD_001_02,50.4,12.61
2025-10-10 12:00:00,BLD_001,UNIT_BLD_001_101,TANK_BLD_001_02,22.7,5.66
2025-10-10 16:00:00,BLD_001,UNIT_BLD_001_101,TANK_BLD_001_02,16.4,4.09
2025-10-10 20:00:00,BLD_001,UNIT_BLD_001_101,TANK_BLD_001_02,36.8,9.21
2025-10-11 00:00:00,BLD_001,UNIT_BLD_001_101,TANK_BLD_001_02,9.1,2.27
2025-10-11 04:00:00,BLD_001,UNIT_BLD_001_101,TANK_BLD_001_02,5.6,1.39
2025-10-11 08:00:00,BLD_001,UNIT_BLD_001_101,TANK_BLD_001_02,62.8,15.71
2025-10-11 12:00:00,BLD_001,UNIT_BLD_001_101,TANK_BLD_001_02,19.4,4.84
2025-10-11 16:00:00,BLD_001,UNIT_BLD_001_101,TANK_BLD_001_02,13.8,3.45
2025-10-11 20:00:00,BLD_001,UNIT_BLD_001_101,TANK_BLD_001_02,45.2,11.3
2025-10-12 00:00:00,BLD_001,UNIT_BLD_001_101,TANK_BLD_001_02,8.6,2.15
2025-10-12 04:00:00,BLD_001,UNIT_BLD_001_101,TANK_BLD_001_02,7.1,1.79
2025-10-12 08:00:00,BLD_001,UNIT_BLD_001_101,TANK_BLD_001_02,50.2,12.55
2025-10-12 12:00:00,BLD_001,UNIT_BLD_001_101,TANK_BLD_001_02,23.0,5.74
2025-10-12 16:00:00,BLD_001,UNIT_BLD_001_101,TANK_BLD_001_02,19.2,4.8
2025-10-12 20:00:00,BLD_001,UNIT_BLD_001_101,TANK_BLD_001_02,40.6,10.16
2025-10-13 00:00:00,BLD_001,UNIT_BLD_001_101,TANK_BLD_001_02,7.5,1.88
2025-10-13 04:00:00,BLD_001,UNIT_BLD_001_101,TANK_BLD_001_02,10.3,2.57
2025-10-13 08:00:00,BLD_001,UNIT_BLD_001_101,TANK_BLD_001_02,66.9,16.71
2025-10-13 12:00:00,BLD_001,UNIT_BLD_001_101,TANK_BLD_001_02,11.9,2.98
2025-10-13 16:00:00,BLD_001,UNIT_BLD_001_101,TANK_BLD_001_02,24.4,6.09
2025-10-13 20:00:00,BLD_001,UNIT_BLD_001_101,TANK_BLD_001_02,52.5,13.13
2025-10-14 00:00:00,BLD_001,UNIT_BLD_001_101,TANK_BLD_001_02,9.5,2.37
2025-10-14 04:00:00,BLD_001,UNIT_BLD_001_101,TANK_BLD_001_02,7.1,1.78
2025-10-14 08:00:00,BLD_001,UNIT_BLD_001_101,TANK_BLD_001_02,32.3,8.08
2025-10-14 12:00:00,BLD_001,UNIT_BLD_001_101,TANK_BLD_001_02,22.3,5.58
2025-10-14 16:00:00,BLD_001,UNIT_BLD_001_101,TANK_BLD_001_02,16.2,4.06
2025-10-14 20:00:00,BLD_001,UNIT_BLD_001_101,TANK_BLD_001_02,36.1,9.03
2025-10-01 00:00:00,BLD_001,UNIT_BLD_001_102,TANK_BLD_001_02,5.9,1.47
2025-10-01 04:00:00,BLD_001,UNIT_BLD_001_102,TANK_BLD_001_02,9.0,2.24
2025-10-01 08:00:00,BLD_001,UNIT_BLD_001_102,TANK_BLD_001_02,51.4,12.85
2025-10-01 12:00:00,BLD_001,UNIT_BLD_001_102,TANK_BLD_001_02,23.1,5.78
2025-10-01 16:00:00,BLD_001,UNIT_BLD_001_102,TANK_BLD_001_02,22.7,5.67
2025-10-01 20:00:00,BLD_001,UNIT_BLD_001_102,TANK_BLD_001_02,45.8,11.45
2025-10-02 00:00:00,BLD_001,UNIT_BLD_001_102,TANK_BLD_001_02,7.9,1.97
2025-10-02 04:00:00,BLD_001,UNIT_BLD_001_102,TANK_BLD_001_02,7.2,1.8
2025-10-02 08:00:00,BLD_001,UNIT_BLD_001_102,TANK_BLD_001_02,47.9,11.97
2025-10-02 12:00:00,BLD_001,UNIT_BLD_001_102,TANK_BLD_001_02,16.1,4.03
2025-10-02 16:00:00,BLD_001,UNIT_BLD_001_102,TANK_BLD_001_02,21.6,5.39
2025-10-02 20:00:00,BLD_001,UNIT_BLD_001_102,TANK_BLD_001_02,60.8,15.19
2025-10-03 00:00:00,BLD_001,UNIT_BLD_001_102,TANK_BLD_001_02,6.7,1.67
2025-10-03 04:00:00,BLD_001,UNIT_BLD_001_102,TANK_BLD_001_02,10.1,2.51
2025-10-03 08:00:00,BLD_001,UNIT_BLD_001_102,TANK_BLD_001_02,51.1,12.78
2025-10-03 12:00:00,BLD_001,UNIT_BLD_001_102,TANK_BLD_001_02,21.0,5.24
2025-10-03 16:00:00,BLD_001,UNIT_BLD_001_102,TANK_BLD_001_02,13.2,3.3
2025-10-03 20:00:00,BLD_001,UNIT_BLD_001_102,TANK_BLD_001_02,31.9,7.98
2025-10-04 00:00:00,BLD_001,UNIT_BLD_001_102,TANK_BLD_001_02,8.2,2.06
2025-10-04 04:00:00,BLD_001,UNIT_BLD_001_102,TANK_BLD_001_02,9.3,2.32
2025-10-04 08:00:00,BLD_001,UNIT_BLD_001_102,TANK_BLD_001_02,43.3,10.82
2025-10-04 12:00:00,BLD_001,UNIT_BLD_001_102,TANK_BLD_001_02,26.7,6.67
2025-10-04 16:00:00,BLD_001,UNIT_BLD_001_102,TANK_BLD_001_02,22.9,5.73
2025-10-04 20:00:00,BLD_001,UNIT_BLD_001_102,TANK_BLD_001_02,40.9,10.23
2025-10-05 00:00:00,BLD_001,UNIT_BLD_001_102,TANK_BLD_001_02,8.0,2.01
2025-10-05 04:00:00,BLD_001,UNIT_BLD_001_102,TANK_BLD_001_02,12.0,2.99
2025-10-05 08:00:00,BLD_001,UNIT_BLD_001_102,TANK_BLD_001_02,37.6,9.39
2025-10-05 12:00:00,BLD_001,UNIT_BLD_001_102,TANK_BLD_001_02,22.1,5.53
2025-10-05 16:00:00,BLD_001,UNIT_BLD_001_102,TANK_BLD_001_02,18.7,4.68
2025-10-05 20:00:00,BLD_001,UNIT_BLD_001_102,TANK_BLD_001_02,57.1,14.27
2025-10-06 00:00:00,BLD_001,UNIT_BLD_001_102,TANK_BLD_001_02,10.0,2.51
2025-10-06 04:00:00,BLD_001,UNIT_BLD_001_102,TANK_BLD_001_02,7.4,1.85
2025-10-06 08:00:00,BLD_001,UNIT_BLD_001_102,TANK_BLD_001_02,61.2,15.3
2025-10-06 12:00:00,BLD_001,UNIT_BLD_001_102,TANK_BLD_001_02,28.9,7.22
2025-10-06 16:00:00,BLD_001,UNIT_BLD_001_102,TANK_BLD_001_02,20.3,5.07
2025-10-06 20:00:00,BLD_001,UNIT_BLD_001_102,TANK_BLD_001_02,57.8,14.46
2025-10-07 00:00:00,BLD_001,UNIT_BLD_001_102,TANK_BLD_001_02,69.1,17.29
2025-10-07 04:00:00,BLD_001,UNIT_BLD_001_102,TANK_BLD_001_02,78.3,19.57
2025-10-07 08:00:00,BLD_001,UNIT_BLD_001_102,TANK_BLD_001_02,117.3,29.34
2025-10-07 12:00:00,BLD_001,UNIT_BLD_001_102,TANK_BLD_001_02,102.0,25.49
2025-10-07 16:00:00,BLD_001,UNIT_BLD_001_102,TANK_BLD_001_02,108.1,27.02
2025-10-07 20:00:00,BLD_001,UNIT_BLD_001_102,TANK_BLD_001_02,118.4,29.59
2025-10-08 00:00:00,BLD_001,UNIT_BLD_001_102,TANK_BLD_001_02,101.0,25.25
2025-10-08 04:00:00,BLD_001,UNIT_BLD_001_102,TANK_BLD_001_02,101.0,25.24
2025-10-08 08:00:00,BLD_001,UNIT_BLD_001_102,TANK_BLD_001_02,132.7,33.18
2025-10-08 12:00:00,BLD_001,UNIT_BLD_001_102,TANK_BLD_001_02,82.3,20.56
2025-10-08 16:00:00,BLD_001,UNIT_BLD_001_102,TANK_BLD_001_02,80.8,20.21
2025-10-08 20:00:00,BLD_001,UNIT_BLD_001_102,TANK_BLD_001_02,107.8,26.95
2025-10-09 00:00:00,BLD_001,UNIT_BLD_001_102,TANK_BLD_001_02,92.2,23.06
2025-10-09 04:00:00,BLD_001,UNIT_BLD_001_102,TANK_BLD_001_02,59.8,14.96
2025-10-09 08:00:00,BLD_001,UNIT_BLD_001_102,TANK_BLD_001_02,130.2,32.54
2025-10-09 12:00:00,BLD_001,UNIT_BLD_001_102,TANK_BLD_001_02,73.8,18.45
2025-10-09 16:00:00,BLD_001,UNIT_BLD_001_102,TANK_BLD_001_02,102.4,25.59
2025-10-09 20:00:00,BLD_001,UNIT_BLD_001_102,TANK_BLD_001_02,120.3,30.06
2025-10-10 00:00:00,BLD_001,UNIT_BLD_001_102,TANK_BLD_001_02,98.0,24.5
2025-10-10 04:00:00,BLD_001,UNIT_BLD_001_102,TANK_BLD_001_02,95.1,23.78
2025-10-10 08:00:00,BLD_001,UNIT_BLD_001_102,TANK_BLD_001_02,141.5,35.38
2025-10-10 12:00:00,BLD_001,UNIT_BLD_001_102,TANK_BLD_001_02,111.9,27.98
2025-10-10 16:00:00,BLD_001,UNIT_BLD_001_102,TANK_BLD_001_02,92.2,23.04
2025-10-10 20:00:00,BLD_001,UNIT_BLD_001_102,TANK_BLD_001_02,102.6,25.65
2025-10-11 00:00:00,BLD_001,UNIT_BLD_001_102,TANK_BLD_001_02,6.3,1.58
2025-10-11 04:00:00,BLD_001,UNIT_BLD_001_102,TANK_BLD_001_02,4.7,1.17
2025-10-11 08:00:00,BLD_001,UNIT_BLD_001_102,TANK_BLD_001_02,39.2,9.79
2025-10-11 12:00:00,BLD_001,UNIT_BLD_001_102,TANK_BLD_001_02,20.3,5.07
2025-10-11 16:00:00,BLD_001,UNIT_BLD_001_102,TANK_BLD_001_02,17.8,4.44
2025-10-11 20:00:00,BLD_001,UNIT_BLD_001_102,TANK_BLD_001_02,48.2,12.05
2025-10-12 00:00:00,BLD_001,UNIT_BLD_001_102,TANK_BLD_001_02,8.8,2.2
2025-10-12 04:00:00,BLD_001,UNIT_BLD_001_102,TANK_BLD_001_02,7.5,1.88
2025-10-12 08:00:00,BLD_001,UNIT_BLD_001_102,TANK_BLD_001_02,38.8,9.7
2025-10-12 12:00:00,BLD_001,UNIT_BLD_001_102,TANK_BLD_001_02,19.8,4.95
2025-10-12 16:00:00,BLD_001,UNIT_BLD_001_102,TANK_BLD_001_02,16.4,4.1
2025-10-12 20:00:00,BLD_001,UNIT_BLD_001_102,TANK_BLD_001_02,47.3,11.82
2025-10-13 00:00:00,BLD_001,UNIT_BLD_001_102,TANK_BLD_001_02,10.1,2.54
2025-10-13 04:00:00,BLD_001,UNIT_BLD_001_102,TANK_BLD_001_02,7.6,1.89
2025-10-13 08:00:00,BLD_001,UNIT_BLD_001_102,TANK_BLD_001_02,67.7,16.93
2025-10-13 12:00:00,BLD_001,UNIT_BLD_001_102,TANK_BLD_001_02,25.7,6.43
2025-10-13 16:00:00,BLD_001,UNIT_BLD_001_102,TANK_BLD_001_02,17.7,4.42
2025-10-13 20:00:00,BLD_001,UNIT_BLD_001_102,TANK_BLD_001_02,38.9,9.72
2025-10-14 00:00:00,BLD_001,UNIT_BLD_001_102,TANK_BLD_001_02,7.9,1.98
2025-10-14 04:00:00,BLD_001,UNIT_BLD_001_102,TANK_BLD_001_02,9.8,2.46
2025-10-14 08:00:00,BLD_001,UNIT_BLD_001_102,TANK_BLD_001_02,45.1,11.27
2025-10-14 12:00:00,BLD_001,UNIT_BLD_001_102,TANK_BLD_001_02,23.6,5.91
2025-10-14 16:00:00,BLD_001,UNIT_BLD_001_102,TANK_BLD_001_02,24.8,6.21
2025-10-14 20:00:00,BLD_001,UNIT_BLD_001_102,TANK_BLD_001_02,42.3,10.56
2025-10-01 00:00:00,BLD_001,UNIT_BLD_001_103,TANK_BLD_001_02,2.7,0.66
2025-10-01 04:00:00,BLD_001,UNIT_BLD_001_103,TANK_BLD_001_02,3.8,0.94
2025-10-01 08:00:00,BLD_001,UNIT_BLD_001_103,TANK_BLD_001_02,20.8,5.19
2025-10-01 12:00:00,BLD_001,UNIT_BLD_001_103,TANK_BLD_001_02,6.6,1.66
2025-10-01 16:00:00,BLD_001,UNIT_BLD_001_103,TANK_BLD_001_02,7.3,1.82
2025-10-01 20:00:00,BLD_001,UNIT_BLD_001_103,TANK_BLD_001_02,19.6,4.91
2025-10-02 00:00:00,BLD_001,UNIT_BLD_001_103,TANK_BLD_001_02,1.9,0.49
2025-10-02 04:00:00,BLD_001,UNIT_BLD_001_103,TANK_BLD_001_02,3.8,0.95
2025-10-02 08:00:00,BLD_001,UNIT_BLD_001_103,TANK_BLD_001_02,17.6,4.4
2025-10-02 12:00:00,BLD_001,UNIT_BLD_001_103,TANK_BLD_001_02,2.4,0.61
2025-10-02 16:00:00,BLD_001,UNIT_BLD_001_103,TANK_BLD_001_02,8.0,1.99
2025-10-02 20:00:00,BLD_001,UNIT_BLD_001_103,TANK_BLD_001_02,16.3,4.07
2025-10-03 00:00:00,BLD_001,UNIT_BLD_001_103,TANK_BLD_001_02,4.6,1.14
2025-10-03 04:00:00,BLD_001,UNIT_BLD_001_103,TANK_BLD_001_02,2.7,0.68
2025-10-03 08:00:00,BLD_001,UNIT_BLD_001_103,TANK_BLD_001_02,14.5,3.63
2025-10-03 12:00:00,BLD_001,UNIT_BLD_001_103,TANK_BLD_001_02,9.0,2.25
2025-10-03 16:00:00,BLD_001,UNIT_BLD_001_103,TANK_BLD_001_02,6.7,1.67
2025-10-03 20:00:00,BLD_001,UNIT_BLD_001_103,TANK_BLD_001_02,16.1,4.03
2025-10-04 00:00:00,BLD_001,UNIT_BLD_001_103,TANK_BLD_001_02,3.6,0.9
2025-10-04 04:00:00,BLD_001,UNIT_BLD_001_103,TANK_BLD_001_02,2.4,0.59
2025-10-04 08:00:00,BLD_001,UNIT_BLD_001_103,TANK_BLD_001_02,12.7,3.18
2025-10-04 12:00:00,BLD_001,UNIT_BLD_001_103,TANK_BLD_001_02,11.5,2.86
2025-10-04 16:00:00,BLD_001,UNIT_BLD_001_103,TANK_BLD_001_02,9.2,2.29
2025-10-04 20:00:00,BLD_001,UNIT_BLD_001_103,TANK_BLD_001_02,18.7,4.67
2025-10-05 00:00:00,BLD_001,UNIT_BLD_001_103,TANK_BLD_001_02,3.2,0.8
2025-10-05 04:00:00,BLD_001,UNIT_BLD_001_103,TANK_BLD_001_02,3.6,0.9
2025-10-05 08:00:00,BLD_001,UNIT_BLD_001_103,TANK_BLD_001_02,24.9,6.22
2025-10-05 12:00:00,BLD_001,UNIT_BLD_001_103,TANK_BLD_001_02,6.5,1.62
2025-10-05 16:00:00,BLD_001,UNIT_BLD_001_103,TANK_BLD_001_02,8.7,2.18
2025-10-05 20:00:00,BLD_001,UNIT_BLD_001_103,TANK_BLD_001_02,17.5,4.37
2025-10-06 00:00:00,BLD_001,UNIT_BLD_001_103,TANK_BLD_001_02,3.0,0.76
2025-10-06 04:00:00,BLD_001,UNIT_BLD_001_103,TANK_BLD_001_02,3.3,0.83
2025-10-06 08:00:00,BLD_001,UNIT_BLD_001_103,TANK_BLD_001_02,20.0,4.99
2025-10-06 12:00:00,BLD_001,UNIT_BLD_001_103,TANK_BLD_001_02,9.5,2.37
2025-10-06 16:00:00,BLD_001,UNIT_BLD_001_103,TANK_BLD_001_02,9.0,2.24
2025-10-06 20:00:00,BLD_001,UNIT_BLD_001_103,TANK_BLD_001_02,12.5,3.11
2025-10-07 00:00:00,BLD_001,UNIT_BLD_001_103,TANK_BLD_001_02,2.1,0.53
2025-10-07 04:00:00,BLD_001,UNIT_BLD_001_103,TANK_BLD_001_02,2.9,0.73
2025-10-07 08:00:00,BLD_001,UNIT_BLD_001_103,TANK_BLD_001_02,29.1,7.29
2025-10-07 12:00:00,BLD_001,UNIT_BLD_001_103,TANK_BLD_001_02,6.3,1.57
2025-10-07 16:00:00,BLD_001,UNIT_BLD_001_103,TANK_BLD_001_02,7.6,1.9
2025-10-07 20:00:00,BLD_001,UNIT_BLD_001_103,TANK_BLD_001_02,17.3,4.33
2025-10-08 00:00:00,BLD_001,UNIT_BLD_001_103,TANK_BLD_001_02,2.8,0.69
2025-10-08 04:00:00,BLD_001,UNIT_BLD_001_103,TANK_BLD_001_02,3.3,0.84
2025-10-08 08:00:00,BLD_001,UNIT_BLD_001_103,TANK_BLD_001_02,27.0,6.75
2025-10-08 12:00:00,BLD_001,UNIT_BLD_001_103,TANK_BLD_001_02,8.9,2.23
2025-10-08 16:00:00,BLD_001,UNIT_BLD_001_103,TANK_BLD_001_02,6.4,1.6
2025-10-08 20:00:00,BLD_001,UNIT_BLD_001_103,TANK_BLD_001_02,33.8,8.44
2025-10-09 00:00:00,BLD_001,UNIT_BLD_001_103,TANK_BLD_001_02,3.3,0.82
2025-10-09 04:00:00,BLD_001,UNIT_BLD_001_103,TANK_BLD_001_02,2.7,0.68
2025-10-09 08:00:00,BLD_001,UNIT_BLD_001_103,TANK_BLD_001_02,27.1,6.77
2025-10-09 12:00:00,BLD_001,UNIT_BLD_001_103,TANK_BLD_001_02,7.1,1.77
2025-10-09 16:00:00,BLD_001,UNIT_BLD_001_103,TANK_BLD_001_02,11.3,2.83
2025-10-09 20:00:00,BLD_001,UNIT_BLD_001_103,TANK_BLD_001_02,15.6,3.91
2025-10-10 00:00:00,BLD_001,UNIT_BLD_001_103,TANK_BLD_001_02,4.3,1.09
2025-10-10 04:00:00,BLD_001,UNIT_BLD_001_103,TANK_BLD_001_02,3.4,0.84
2025-10-10 08:00:00,BLD_001,UNIT_BLD_001_103,TANK_BLD_001_02,26.5,6.61
2025-10-10 12:00:00,BLD_001,UNIT_BLD_001_103,TANK_BLD_001_02,11.8,2.95
2025-10-10 16:00:00,BLD_001,UNIT_BLD_001_103,TANK_BLD_001_02,5.7,1.43
2025-10-10 20:00:00,BLD_001,UNIT_BLD_001_103,TANK_BLD_001_02,26.4,6.59
2025-10-11 00:00:00,BLD_001,UNIT_BLD_001_103,TANK_BLD_001_02,2.1,0.52
2025-10-11 04:00:00,BLD_001,UNIT_BLD_001_103,TANK_BLD_001_02,2.4,0.59
2025-10-11 08:00:00,BLD_001,UNIT_BLD_001_103,TANK_BLD_001_02,16.0,4.0
2025-10-11 12:00:00,BLD_001,UNIT_BLD_001_103,TANK_BLD_001_02,9.0,2.25
2025-10-11 16:00:00,BLD_001,UNIT_BLD_001_103,TANK_BLD_001_02,8.1,2.02
2025-10-11 20:00:00,BLD_001,UNIT_BLD_001_103,TANK_BLD_001_02,19.2,4.79
2025-10-12 00:00:00,BLD_001,UNIT_BLD_001_103,TANK_BLD_001_02,3.3,0.83
2025-10-12 04:00:00,BLD_001,UNIT_BLD_001_103,TANK_BLD_001_02,3.7,0.92
2025-10-12 08:00:00,BLD_001,UNIT_BLD_001_103,TANK_BLD_001_02,23.3,5.84
2025-10-12 12:00:00,BLD_001,UNIT_BLD_001_103,TANK_BLD_001_02,10.2,2.55
2025-10-12 16:00:00,BLD_001,UNIT_BLD_001_103,TANK_BLD_001_02,11.6,2.91
2025-10-12 20:00:00,BLD_001,UNIT_BLD_001_103,TANK_BLD_001_02,19.9,4.97
2025-10-13 00:00:00,BLD_001,UNIT_BLD_001_103,TANK_BLD_001_02,2.8,0.7
2025-10-13 04:00:00,BLD_001,UNIT_BLD_001_103,TANK_BLD_001_02,3.7,0.92
2025-10-13 08:00:00,BLD_001,UNIT_BLD_001_103,TANK_BLD_001_02,14.3,3.57
2025-10-13 12:00:00,BLD_001,UNIT_BLD_001_103,TANK_BLD_001_02,6.6,1.66
2025-10-13 16:00:00,BLD_001,UNIT_BLD_001_103,TANK_BLD_001_02,10.0,2.5
2025-10-13 20:00:00,BLD_001,UNIT_BLD_001_103,TANK_BLD_001_02,19.4,4.84
2025-10-14 00:00:00,BLD_001,UNIT_BLD_001_103,TANK_BLD_001_02,2.2,0.56
2025-10-14 04:00:00,BLD_001,UNIT_BLD_001_103,TANK_BLD_001_02,2.0,0.5
2025-10-14 08:00:00,BLD_001,UNIT_BLD_001_103,TANK_BLD_001_02,20.2,5.06
2025-10-14 12:00:00,BLD_001,UNIT_BLD_001_103,TANK_BLD_001_02,10.3,2.57
2025-10-14 16:00:00,BLD_001,UNIT_BLD_001_103,TANK_BLD_001_02,10.3,2.56
2025-10-14 20:00:00,BLD_001,UNIT_BLD_001_103,TANK_BLD_001_02,20.6,5.14
2025-10-01 00:00:00,BLD_001,UNIT_BLD_001_104,TANK_BLD_001_02,19.2,4.81
2025-10-01 04:00:00,BLD_001,UNIT_BLD_001_104,TANK_BLD_001_02,14.1,3.54
2025-10-01 08:00:00,BLD_001,UNIT_BLD_001_104,TANK_BLD_001_02,87.9,21.98
2025-10-01 12:00:00,BLD_001,UNIT_BLD_001_104,TANK_BLD_001_02,20.6,5.15
2025-10-01 16:00:00,BLD_001,UNIT_BLD_001_104,TANK_BLD_001_02,33.3,8.33
2025-10-01 20:00:00,BLD_001,UNIT_BLD_001_104,TANK_BLD_001_02,102.8,25.7
2025-10-02 00:00:00,BLD_001,UNIT_BLD_001_104,TANK_BLD_001_02,18.2,4.54
2025-10-02 04:00:00,BLD_001,UNIT_BLD_001_104,TANK_BLD_001_02,12.4,3.1
2025-10-02 08:00:00,BLD_001,UNIT_BLD_001_104,TANK_BLD_001_02,96.9,24.23
2025-10-02 12:00:00,BLD_001,UNIT_BLD_001_104,TANK_BLD_001_02,42.3,10.57
2025-10-02 16:00:00,BLD_001,UNIT_BLD_001_104,TANK_BLD_001_02,36.1,9.02
2025-10-02 20:00:00,BLD_001,UNIT_BLD_001_104,TANK_BLD_001_02,55.8,13.94
2025-10-03 00:00:00,BLD_001,UNIT_BLD_001_104,TANK_BLD_001_02,15.0,3.75
2025-10-03 04:00:00,BLD_001,UNIT_BLD_001_104,TANK_BLD_001_02,16.2,4.06
2025-10-03 08:00:00,BLD_001,UNIT_BLD_001_104,TANK_BLD_001_02,75.8,18.95
2025-10-03 12:00:00,BLD_001,UNIT_BLD_001_104,TANK_BLD_001_02,34.5,8.62
2025-10-03 16:00:00,BLD_001,UNIT_BLD_001_104,TANK_BLD_001_02,29.1,7.27
2025-10-03 20:00:00,BLD_001,UNIT_BLD_001_104,TANK_BLD_001_02,51.4,12.86
2025-10-04 00:00:00,BLD_001,UNIT_BLD_001_104,TANK_BLD_001_02,16.9,4.22
2025-10-04 04:00:00,BLD_001,UNIT_BLD_001_104,TANK_BLD_001_02,14.4,3.6
2025-10-04 08:00:00,BLD_001,UNIT_BLD_001_104,TANK_BLD_001_02,114.0,28.49
2025-10-04 12:00:00,BLD_001,UNIT_BLD_001_104,TANK_BLD_001_02,41.1,10.29
2025-10-04 16:00:00,BLD_001,UNIT_BLD_001_104,TANK_BLD_001_02,33.9,8.47
2025-10-04 20:00:00,BLD_001,UNIT_BLD_001_104,TANK_BLD_001_02,88.8,22.19
2025-10-05 00:00:00,BLD_001,UNIT_BLD_001_104,TANK_BLD_001_02,15.8,3.94
2025-10-05 04:00:00,BLD_001,UNIT_BLD_001_104,TANK_BLD_001_02,16.7,4.18
2025-10-05 08:00:00,BLD_001,UNIT_BLD_001_104,TANK_BLD_001_02,94.8,23.71
2025-10-05 12:00:00,BLD_001,UNIT_BLD_001_104,TANK_BLD_001_02,42.6,10.66
2025-10-05 16:00:00,BLD_001,UNIT_BLD_001_104,TANK_BLD_001_02,34.2,8.55
2025-10-05 20:00:00,BLD_001,UNIT_BLD_001_104,TANK_BLD_001_02,75.0,18.76
2025-10-06 00:00:00,BLD_001,UNIT_BLD_001_104,TANK_BLD_001_02,14.2,3.56
2025-10-06 04:00:00,BLD_001,UNIT_BLD_001_104,TANK_BLD_001_02,14.9,3.72
2025-10-06 08:00:00,BLD_001,UNIT_BLD_001_104,TANK_BLD_001_02,72.0,17.99
2025-10-06 12:00:00,BLD_001,UNIT_BLD_001_104,TANK_BLD_001_02,28.0,6.99
2025-10-06 16:00:00,BLD_001,UNIT_BLD_001_104,TANK_BLD_001_02,38.7,9.67
2025-10-06 20:00:00,BLD_001,UNIT_BLD_001_104,TANK_BLD_001_02,83.9,20.98
2025-10-07 00:00:00,BLD_001,UNIT_BLD_001_104,TANK_BLD_001_02,14.0,3.5
2025-10-07 04:00:00,BLD_001,UNIT_BLD_001_104,TANK_BLD_001_02,13.5,3.38
2025-10-07 08:00:00,BLD_001,UNIT_BLD_001_104,TANK_BLD_001_02,112.8,28.2
2025-10-07 12:00:00,BLD_001,UNIT_BLD_001_104,TANK_BLD_001_02,43.6,10.89
2025-10-07 16:00:00,BLD_001,UNIT_BLD_001_104,TANK_BLD_001_02,28.6,7.14
2025-10-07 20:00:00,BLD_001,UNIT_BLD_001_104,TANK_BLD_001_02,82.0,20.5
2025-10-08 00:00:00,BLD_001,UNIT_BLD_001_104,TANK_BLD_001_02,16.4,4.11
2025-10-08 04:00:00,BLD_001,UNIT_BLD_001_104,TANK_BLD_001_02,15.8,3.96
2025-10-08 08:00:00,BLD_001,UNIT_BLD_001_104,TANK_BLD_001_02,89.4,22.34
2025-10-08 12:00:00,BLD_001,UNIT_BLD_001_104,TANK_BLD_001_02,29.2,7.29
2025-10-08 16:00:00,BLD_001,UNIT_BLD_001_104,TANK_BLD_001_02,31.9,7.98
2025-10-08 20:00:00,BLD_001,UNIT_BLD_001_104,TANK_BLD_001_02,82.2,20.56
2025-10-09 00:00:00,BLD_001,UNIT_BLD_001_104,TANK_BLD_001_02,15.1,3.77
2025-10-09 04:00:00,BLD_001,UNIT_BLD_001_104,TANK_BLD_001_02,18.5,4.62
2025-10-09 08:00:00,BLD_001,UNIT_BLD_001_104,TANK_BLD_001_02,79.7,19.92
2025-10-09 12:00:00,BLD_001,UNIT_BLD_001_104,TANK_BLD_001_02,29.8,7.46
2025-10-09 16:00:00,BLD_001,UNIT_BLD_001_104,TANK_BLD_001_02,35.3,8.84
2025-10-09 20:00:00,BLD_001,UNIT_BLD_001_104,TANK_BLD_001_02,105.5,26.37
2025-10-10 00:00:00,BLD_001,UNIT_BLD_001_104,TANK_BLD_001_02,10.9,2.73
2025-10-10 04:00:00,BLD_001,UNIT_BLD_001_104,TANK_BLD_001_02,17.9,4.47
2025-10-10 08:00:00,BLD_001,UNIT_BLD_001_104,TANK_BLD_001_02,87.4,21.85
2025-10-10 12:00:00,BLD_001,UNIT_BLD_001_104,TANK_BLD_001_02,31.6,7.9
2025-10-10 16:00:00,BLD_001,UNIT_BLD_001_104,TANK_BLD_001_02,26.4,6.6
2025-10-10 20:00:00,BLD_001,UNIT_BLD_001_104,TANK_BLD_001_02,100.6,25.15
2025-10-11 00:00:00,BLD_001,UNIT_BLD_001_104,TANK_BLD_001_02,14.0,3.5
2025-10-11 04:00:00,BLD_001,UNIT_BLD_001_104,TANK_BLD_001_02,14.8,3.7
2025-10-11 08:00:00,BLD_001,UNIT_BLD_001_104,TANK_BLD_001_02,76.5,19.12
2025-10-11 12:00:00,BLD_001,UNIT_BLD_001_104,TANK_BLD_001_02,34.1,8.52
2025-10-11 16:00:00,BLD_001,UNIT_BLD_001_104,TANK_BLD_001_02,33.1,8.27
2025-10-11 20:00:00,BLD_001,UNIT_BLD_001_104,TANK_BLD_001_02,88.5,22.12
2025-10-12 00:00:00,BLD_001,UNIT_BLD_001_104,TANK_BLD_001_02,12.8,3.2
2025-10-12 04:00:00,BLD_001,UNIT_BLD_001_104,TANK_BLD_001_02,10.7,2.68
2025-10-12 08:00:00,BLD_001,UNIT_BLD_001_104,TANK_BLD_001_02,130.9,32.73
2025-10-12 12:00:00,BLD_001,UNIT_BLD_001_104,TANK_BLD_001_02,27.8,6.95
2025-10-12 16:00:00,BLD_001,UNIT_BLD_001_104,TANK_BLD_001_02,37.1,9.27
2025-10-12 20:00:00,BLD_001,UNIT_BLD_001_104,TANK_BLD_001_02,63.4,15.85
2025-10-13 00:00:00,BLD_001,UNIT_BLD_001_104,TANK_BLD_001_02,9.6,2.4
2025-10-13 04:00:00,BLD_001,UNIT_BLD_001_104,TANK_BLD_001_02,14.6,3.66
2025-10-13 08:00:00,BLD_001,UNIT_BLD_001_104,TANK_BLD_001_02,92.6,23.15
2025-10-13 12:00:00,BLD_001,UNIT_BLD_001_104,TANK_BLD_001_02,43.6,10.89
2025-10-13 16:00:00,BLD_001,UNIT_BLD_001_104,TANK_BLD_001_02,38.4,9.6
2025-10-13 20:00:00,BLD_001,UNIT_BLD_001_104,TANK_BLD_001_02,87.8,21.94
2025-10-14 00:00:00,BLD_001,UNIT_BLD_001_104,TANK_BLD_001_02,12.1,3.03
2025-10-14 04:00:00,BLD_001,UNIT_BLD_001_104,TANK_BLD_001_02,18.0,4.5
2025-10-14 08:00:00,BLD_001,UNIT_BLD_001_104,TANK_BLD_001_02,103.9,25.98
2025-10-14 12:00:00,BLD_001,UNIT_BLD_001_104,TANK_BLD_001_02,28.5,7.13
2025-10-14 16:00:00,BLD_001,UNIT_BLD_001_104,TANK_BLD_001_02,36.2,9.06
2025-10-14 20:00:00,BLD_001,UNIT_BLD_001_104,TANK_BLD_001_02,92.2,23.04
2025-10-01 00:00:00,BLD_001,UNIT_BLD_001_105,TANK_BLD_001_02,2.9,0.72
2025-10-01 04:00:00,BLD_001,UNIT_BLD_001_105,TANK_BLD_001_02,2.0,0.49
2025-10-01 08:00:00,BLD_001,UNIT_BLD_001_105,TANK_BLD_001_02,36.3,9.07
2025-10-01 12:00:00,BLD_001,UNIT_BLD_001_105,TANK_BLD_001_02,2.5,0.63
2025-10-01 16:00:00,BLD_001,UNIT_BLD_001_105,TANK_BLD_001_02,8.7,2.18
2025-10-01 20:00:00,BLD_001,UNIT_BLD_001_105,TANK_BLD_001_02,13.0,3.26
2025-10-02 00:00:00,BLD_001,UNIT_BLD_001_105,TANK_BLD_001_02,18.4,4.61
2025-10-02 04:00:00,BLD_001,UNIT_BLD_001_105,TANK_BLD_001_02,4.4,1.09
2025-10-02 08:00:00,BLD_001,UNIT_BLD_001_105,TANK_BLD_001_02,34.1,8.54
2025-10-02 12:00:00,BLD_001,UNIT_BLD_001_105,TANK_BLD_001_02,9.7,2.41
2025-10-02 16:00:00,BLD_001,UNIT_BLD_001_105,TANK_BLD_001_02,11.1,2.77
2025-10-02 20:00:00,BLD_001,UNIT_BLD_001_105,TANK_BLD_001_02,135.8,33.94
2025-10-03 00:00:00,BLD_001,UNIT_BLD_001_105,TANK_BLD_001_02,4.8,1.19
2025-10-03 04:00:00,BLD_001,UNIT_BLD_001_105,TANK_BLD_001_02,4.0,1.0
2025-10-03 08:00:00,BLD_001,UNIT_BLD_001_105,TANK_BLD_001_02,10.2,2.56
2025-10-03 12:00:00,BLD_001,UNIT_BLD_001_105,TANK_BLD_001_02,8.2,2.04
2025-10-03 16:00:00,BLD_001,UNIT_BLD_001_105,TANK_BLD_001_02,11.3,2.81
2025-10-03 20:00:00,BLD_001,UNIT_BLD_001_105,TANK_BLD_001_02,22.6,5.64
2025-10-04 00:00:00,BLD_001,UNIT_BLD_001_105,TANK_BLD_001_02,4.1,1.04
2025-10-04 04:00:00,BLD_001,UNIT_BLD_001_105,TANK_BLD_001_02,4.5,1.12
2025-10-04 08:00:00,BLD_001,UNIT_BLD_001_105,TANK_BLD_001_02,22.1,5.53
2025-10-04 12:00:00,BLD_001,UNIT_BLD_001_105,TANK_BLD_001_02,6.3,1.57
2025-10-04 16:00:00,BLD_001,UNIT_BLD_001_105,TANK_BLD_001_02,4.7,1.18
2025-10-04 20:00:00,BLD_001,UNIT_BLD_001_105,TANK_BLD_001_02,28.8,7.2
2025-10-05 00:00:00,BLD_001,UNIT_BLD_001_105,TANK_BLD_001_02,4.3,1.08
2025-10-05 04:00:00,BLD_001,UNIT_BLD_001_105,TANK_BLD_001_02,2.6,0.65
2025-10-05 08:00:00,BLD_001,UNIT_BLD_001_105,TANK_BLD_001_02,11.6,2.89
2025-10-05 12:00:00,BLD_001,UNIT_BLD_001_105,TANK_BLD_001_02,60.1,15.03
2025-10-05 16:00:00,BLD_001,UNIT_BLD_001_105,TANK_BLD_001_02,7.8,1.96
2025-10-05 20:00:00,BLD_001,UNIT_BLD_001_105,TANK_BLD_001_02,151.0,37.74
2025-10-06 00:00:00,BLD_001,UNIT_BLD_001_105,TANK_BLD_001_02,4.6,1.14
2025-10-06 04:00:00,BLD_001,UNIT_BLD_001_105,TANK_BLD_001_02,23.5,5.88
2025-10-06 08:00:00,BLD_001,UNIT_BLD_001_105,TANK_BLD_001_02,129.9,32.48
2025-10-06 12:00:00,BLD_001,UNIT_BLD_001_105,TANK_BLD_001_02,43.3,10.83
2025-10-06 16:00:00,BLD_001,UNIT_BLD_001_105,TANK_BLD_001_02,15.4,3.84
2025-10-06 20:00:00,BLD_001,UNIT_BLD_001_105,TANK_BLD_001_02,22.1,5.52
2025-10-07 00:00:00,BLD_001,UNIT_BLD_001_105,TANK_BLD_001_02,5.0,1.24
2025-10-07 04:00:00,BLD_001,UNIT_BLD_001_105,TANK_BLD_001_02,23.5,5.87
2025-10-07 08:00:00,BLD_001,UNIT_BLD_001_105,TANK_BLD_001_02,19.9,4.98
2025-10-07 12:00:00,BLD_001,UNIT_BLD_001_105,TANK_BLD_001_02,12.0,3.01
2025-10-07 16:00:00,BLD_001,UNIT_BLD_001_105,TANK_BLD_001_02,54.3,13.57
2025-10-07 20:00:00,BLD_001,UNIT_BLD_001_105,TANK_BLD_001_02,34.8,8.69
2025-10-08 00:00:00,BLD_001,UNIT_BLD_001_105,TANK_BLD_001_02,5.7,1.43
2025-10-08 04:00:00,BLD_001,UNIT_BLD_001_105,TANK_BLD_001_02,2.8,0.69
2025-10-08 08:00:00,BLD_001,UNIT_BLD_001_105,TANK_BLD_001_02,27.3,6.84
2025-10-08 12:00:00,BLD_001,UNIT_BLD_001_105,TANK_BLD_001_02,35.8,8.94
2025-10-08 16:00:00,BLD_001,UNIT_BLD_001_105,TANK_BLD_001_02,9.0,2.26
2025-10-08 20:00:00,BLD_001,UNIT_BLD_001_105,TANK_BLD_001_02,41.3,10.33
2025-10-09 00:00:00,BLD_001,UNIT_BLD_001_105,TANK_BLD_001_02,2.9,0.71
2025-10-09 04:00:00,BLD_001,UNIT_BLD_001_105,TANK_BLD_001_02,3.6,0.89
2025-10-09 08:00:00,BLD_001,UNIT_BLD_001_105,TANK_BLD_001_02,22.7,5.68
2025-10-09 12:00:00,BLD_001,UNIT_BLD_001_105,TANK_BLD_001_02,34.9,8.73
2025-10-09 16:00:00,BLD_001,UNIT_BLD_001_105,TANK_BLD_001_02,17.1,4.29
2025-10-09 20:00:00,BLD_001,UNIT_BLD_001_105,TANK_BLD_001_02,26.7,6.68
2025-10-10 00:00:00,BLD_001,UNIT_BLD_001_105,TANK_BLD_001_02,4.8,1.2
2025-10-10 04:00:00,BLD_001,UNIT_BLD_001_105,TANK_BLD_001_02,2.1,0.52
2025-10-10 08:00:00,BLD_001,UNIT_BLD_001_105,TANK_BLD_001_02,26.9,6.73
2025-10-10 12:00:00,BLD_001,UNIT_BLD_001_105,TANK_BLD_001_02,10.1,2.51
2025-10-10 16:00:00,BLD_001,UNIT_BLD_001_105,TANK_BLD_001_02,36.3,9.09
2025-10-10 20:00:00,BLD_001,UNIT_BLD_001_105,TANK_BLD_001_02,17.7,4.43
2025-10-11 00:00:00,BLD_001,UNIT_BLD_001_105,TANK_BLD_001_02,3.4,0.85
2025-10-11 04:00:00,BLD_001,UNIT_BLD_001_105,TANK_BLD_001_02,4.1,1.03
2025-10-11 08:00:00,BLD_001,UNIT_BLD_001_105,TANK_BLD_001_02,128.5,32.13
2025-10-11 12:00:00,BLD_001,UNIT_BLD_001_105,TANK_BLD_001_02,37.9,9.49
2025-10-11 16:00:00,BLD_001,UNIT_BLD_001_105,TANK_BLD_001_02,46.3,11.57
2025-10-11 20:00:00,BLD_001,UNIT_BLD_001_105,TANK_BLD_001_02,25.8,6.46
2025-10-12 00:00:00,BLD_001,UNIT_BLD_001_105,TANK_BLD_001_02,4.4,1.09
2025-10-12 04:00:00,BLD_001,UNIT_BLD_001_105,TANK_BLD_001_02,1.2,0.29
2025-10-12 08:00:00,BLD_001,UNIT_BLD_001_105,TANK_BLD_001_02,16.6,4.15
2025-10-12 12:00:00,BLD_001,UNIT_BLD_001_105,TANK_BLD_001_02,12.9,3.21
2025-10-12 16:00:00,BLD_001,UNIT_BLD_001_105,TANK_BLD_001_02,16.4,4.1
2025-10-12 20:00:00,BLD_001,UNIT_BLD_001_105,TANK_BLD_001_02,26.1,6.52
2025-10-13 00:00:00,BLD_001,UNIT_BLD_001_105,TANK_BLD_001_02,19.4,4.85
2025-10-13 04:00:00,BLD_001,UNIT_BLD_001_105,TANK_BLD_001_02,4.0,1.01
2025-10-13 08:00:00,BLD_001,UNIT_BLD_001_105,TANK_BLD_001_02,27.7,6.92
2025-10-13 12:00:00,BLD_001,UNIT_BLD_001_105,TANK_BLD_001_02,48.7,12.18
2025-10-13 16:00:00,BLD_001,UNIT_BLD_001_105,TANK_BLD_001_02,14.0,3.49
2025-10-13 20:00:00,BLD_001,UNIT_BLD_001_105,TANK_BLD_001_02,29.9,7.46
2025-10-14 00:00:00,BLD_001,UNIT_BLD_001_105,TANK_BLD_001_02,4.3,1.07
2025-10-14 04:00:00,BLD_001,UNIT_BLD_001_105,TANK_BLD_001_02,3.8,0.95
2025-10-14 08:00:00,BLD_001,UNIT_BLD_001_105,TANK_BLD_001_02,17.6,4.4
2025-10-14 12:00:00,BLD_001,UNIT_BLD_001_105,TANK_BLD_001_02,11.6,2.89
2025-10-14 16:00:00,BLD_001,UNIT_BLD_001_105,TANK_BLD_001_02,55.7,13.92
2025-10-14 20:00:00,BLD_001,UNIT_BLD_001_105,TANK_BLD_001_02,113.4,28.35
2025-10-01 00:00:00,BLD_002,UNIT_BLD_002_101,TANK_BLD_002_02,8.0,2.01
2025-10-01 04:00:00,BLD_002,UNIT_BLD_002_101,TANK_BLD_002_02,5.5,1.39
2025-10-01 08:00:00,BLD_002,UNIT_BLD_002_101,TANK_BLD_002_02,47.3,11.83
2025-10-01 12:00:00,BLD_002,UNIT_BLD_002_101,TANK_BLD_002_02,21.0,5.25
2025-10-01 16:00:00,BLD_002,UNIT_BLD_002_101,TANK_BLD_002_02,27.1,6.78
2025-10-01 20:00:00,BLD_002,UNIT_BLD_002_101,TANK_BLD_002_02,54.0,13.51
2025-10-02 00:00:00,BLD_002,UNIT_BLD_002_101,TANK_BLD_002_02,9.0,2.25
2025-10-02 04:00:00,BLD_002,UNIT_BLD_002_101,TANK_BLD_002_02,9.9,2.47
2025-10-02 08:00:00,BLD_002,UNIT_BLD_002_101,TANK_BLD_002_02,40.4,10.09
2025-10-02 12:00:00,BLD_002,UNIT_BLD_002_101,TANK_BLD_002_02,19.3,4.83
2025-10-02 16:00:00,BLD_002,UNIT_BLD_002_101,TANK_BLD_002_02,29.7,7.43
2025-10-02 20:00:00,BLD_002,UNIT_BLD_002_101,TANK_BLD_002_02,49.2,12.3
2025-10-03 00:00:00,BLD_002,UNIT_BLD_002_101,TANK_BLD_002_02,9.8,2.45
2025-10-03 04:00:00,BLD_002,UNIT_BLD_002_101,TANK_BLD_002_02,9.5,2.39
2025-10-03 08:00:00,BLD_002,UNIT_BLD_002_101,TANK_BLD_002_02,35.2,8.8
2025-10-03 12:00:00,BLD_002,UNIT_BLD_002_101,TANK_BLD_002_02,21.2,5.31
2025-10-03 16:00:00,BLD_002,UNIT_BLD_002_101,TANK_BLD_002_02,20.6,5.15
2025-10-03 20:00:00,BLD_002,UNIT_BLD_002_101,TANK_BLD_002_02,53.3,13.32
2025-10-04 00:00:00,BLD_002,UNIT_BLD_002_101,TANK_BLD_002_02,6.8,1.7
2025-10-04 04:00:00,BLD_002,UNIT_BLD_002_101,TANK_BLD_002_02,6.2,1.55
2025-10-04 08:00:00,BLD_002,UNIT_BLD_002_101,TANK_BLD_002_02,45.2,11.31
2025-10-04 12:00:00,BLD_002,UNIT_BLD_002_101,TANK_BLD_002_02,19.6,4.9
2025-10-04 16:00:00,BLD_002,UNIT_BLD_002_101,TANK_BLD_002_02,24.7,6.18
2025-10-04 20:00:00,BLD_002,UNIT_BLD_002_101,TANK_BLD_002_02,68.2,17.04
2025-10-05 00:00:00,BLD_002,UNIT_BLD_002_101,TANK_BLD_002_02,10.2,2.56
2025-10-05 04:00:00,BLD_002,UNIT_BLD_002_101,TANK_BLD_002_02,9.4,2.34
2025-10-05 08:00:00,BLD_002,UNIT_BLD_002_101,TANK_BLD_002_02,40.0,9.99
2025-10-05 12:00:00,BLD_002,UNIT_BLD_002_101,TANK_BLD_002_02,18.4,4.59
2025-10-05 16:00:00,BLD_002,UNIT_BLD_002_101,TANK_BLD_002_02,20.8,5.21
2025-10-05 20:00:00,BLD_002,UNIT_BLD_002_101,TANK_BLD_002_02,43.7,10.92
2025-10-06 00:00:00,BLD_002,UNIT_BLD_002_101,TANK_BLD_002_02,8.9,2.23
2025-10-06 04:00:00,BLD_002,UNIT_BLD_002_101,TANK_BLD_002_02,9.2,2.29
2025-10-06 08:00:00,BLD_002,UNIT_BLD_002_101,TANK_BLD_002_02,55.4,13.84
2025-10-06 12:00:00,BLD_002,UNIT_BLD_002_101,TANK_BLD_002_02,24.1,6.03
2025-10-06 16:00:00,BLD_002,UNIT_BLD_002_101,TANK_BLD_002_02,16.4,4.1
2025-10-06 20:00:00,BLD_002,UNIT_BLD_002_101,TANK_BLD_002_02,59.3,14.83
2025-10-07 00:00:00,BLD_002,UNIT_BLD_002_101,TANK_BLD_002_02,6.9,1.72
2025-10-07 04:00:00,BLD_002,UNIT_BLD_002_101,TANK_BLD_002_02,6.5,1.62
2025-10-07 08:00:00,BLD_002,UNIT_BLD_002_101,TANK_BLD_002_02,55.3,13.83
2025-10-07 12:00:00,BLD_002,UNIT_BLD_002_101,TANK_BLD_002_02,24.9,6.22
2025-10-07 16:00:00,BLD_002,UNIT_BLD_002_101,TANK_BLD_002_02,22.0,5.49
2025-10-07 20:00:00,BLD_002,UNIT_BLD_002_101,TANK_BLD_002_02,50.2,12.55
2025-10-08 00:00:00,BLD_002,UNIT_BLD_002_101,TANK_BLD_002_02,8.5,2.12
2025-10-08 04:00:00,BLD_002,UNIT_BLD_002_101,TANK_BLD_002_02,8.2,2.05
2025-10-08 08:00:00,BLD_002,UNIT_BLD_002_101,TANK_BLD_002_02,38.7,9.69
2025-10-08 12:00:00,BLD_002,UNIT_BLD_002_101,TANK_BLD_002_02,15.0,3.76
2025-10-08 16:00:00,BLD_002,UNIT_BLD_002_101,TANK_BLD_002_02,19.7,4.92
2025-10-08 20:00:00,BLD_002,UNIT_BLD_002_101,TANK_BLD_002_02,50.8,12.7
2025-10-09 00:00:00,BLD_002,UNIT_BLD_002_101,TANK_BLD_002_02,8.0,2.0
2025-10-09 04:00:00,BLD_002,UNIT_BLD_002_101,TANK_BLD_002_02,9.1,2.27
2025-10-09 08:00:00,BLD_002,UNIT_BLD_002_101,TANK_BLD_002_02,47.8,11.96
2025-10-09 12:00:00,BLD_002,UNIT_BLD_002_101,TANK_BLD_002_02,22.3,5.56
2025-10-09 16:00:00,BLD_002,UNIT_BLD_002_101,TANK_BLD_002_02,19.4,4.86
2025-10-09 20:00:00,BLD_002,UNIT_BLD_002_101,TANK_BLD_002_02,68.2,17.06
2025-10-10 00:00:00,BLD_002,UNIT_BLD_002_101,TANK_BLD_002_02,8.1,2.03
2025-10-10 04:00:00,BLD_002,UNIT_BLD_002_101,TANK_BLD_002_02,11.7,2.94
2025-10-10 08:00:00,BLD_002,UNIT_BLD_002_101,TANK_BLD_002_02,53.5,13.38
2025-10-10 12:00:00,BLD_002,UNIT_BLD_002_101,TANK_BLD_002_02,19.1,4.79
2025-10-10 16:00:00,BLD_002,UNIT_BLD_002_101,TANK_BLD_002_02,16.4,4.1
2025-10-10 20:00:00,BLD_002,UNIT_BLD_002_101,TANK_BLD_002_02,35.6,8.89
2025-10-11 00:00:00,BLD_002,UNIT_BLD_002_101,TANK_BLD_002_02,6.4,1.6
2025-10-11 04:00:00,BLD_002,UNIT_BLD_002_101,TANK_BLD_002_02,6.6,1.65
2025-10-11 08:00:00,BLD_002,UNIT_BLD_002_101,TANK_BLD_002_02,53.9,13.49
2025-10-11 12:00:00,BLD_002,UNIT_BLD_002_101,TANK_BLD_002_02,17.9,4.47
2025-10-11 16:00:00,BLD_002,UNIT_BLD_002_101,TANK_BLD_002_02,20.7,5.19
2025-10-11 20:00:00,BLD_002,UNIT_BLD_002_101,TANK_BLD_002_02,62.8,15.7
2025-10-12 00:00:00,BLD_002,UNIT_BLD_002_101,TANK_BLD_002_02,7.9,1.96
2025-10-12 04:00:00,BLD_002,UNIT_BLD_002_101,TANK_BLD_002_02,11.3,2.83
2025-10-12 08:00:00,BLD_002,UNIT_BLD_002_101,TANK_BLD_002_02,38.2,9.56
2025-10-12 12:00:00,BLD_002,UNIT_BLD_002_101,TANK_BLD_002_02,19.4,4.85
2025-10-12 16:00:00,BLD_002,UNIT_BLD_002_101,TANK_BLD_002_02,17.8,4.46
2025-10-12 20:00:00,BLD_002,UNIT_BLD_002_101,TANK_BLD_002_02,59.4,14.84
2025-10-13 00:00:00,BLD_002,UNIT_BLD_002_101,TANK_BLD_002_02,4.4,1.1
2025-10-13 04:00:00,BLD_002,UNIT_BLD_002_101,TANK_BLD_002_02,5.7,1.42
2025-10-13 08:00:00,BLD_002,UNIT_BLD_002_101,TANK_BLD_002_02,48.9,12.23
2025-10-13 12:00:00,BLD_002,UNIT_BLD_002_101,TANK_BLD_002_02,26.2,6.55
2025-10-13 16:00:00,BLD_002,UNIT_BLD_002_101,TANK_BLD_002_02,20.9,5.23
2025-10-13 20:00:00,BLD_002,UNIT_BLD_002_101,TANK_BLD_002_02,36.5,9.12
2025-10-14 00:00:00,BLD_002,UNIT_BLD_002_101,TANK_BLD_002_02,6.1,1.52
2025-10-14 04:00:00,BLD_002,UNIT_BLD_002_101,TANK_BLD_002_02,10.7,2.67
2025-10-14 08:00:00,BLD_002,UNIT_BLD_002_101,TANK_BLD_002_02,43.8,10.95
2025-10-14 12:00:00,BLD_002,UNIT_BLD_002_101,TANK_BLD_002_02,16.2,4.06
2025-10-14 16:00:00,BLD_002,UNIT_BLD_002_101,TANK_BLD_002_02,25.9,6.48
2025-10-14 20:00:00,BLD_002,UNIT_BLD_002_101,TANK_BLD_002_02,60.1,15.03
2025-10-01 00:00:00,BLD_002,UNIT_BLD_002_102,TANK_BLD_002_02,10.0,2.51
2025-10-01 04:00:00,BLD_002,UNIT_BLD_002_102,TANK_BLD_002_02,6.5,1.62
2025-10-01 08:00:00,BLD_002,UNIT_BLD_002_102,TANK_BLD_002_02,34.7,8.69
2025-10-01 12:00:00,BLD_002,UNIT_BLD_002_102,TANK_BLD_002_02,20.5,5.13
2025-10-01 16:00:00,BLD_002,UNIT_BLD_002_102,TANK_BLD_002_02,21.3,5.34
2025-10-01 20:00:00,BLD_002,UNIT_BLD_002_102,TANK_BLD_002_02,53.6,13.41
2025-10-02 00:00:00,BLD_002,UNIT_BLD_002_102,TANK_BLD_002_02,10.4,2.59
2025-10-02 04:00:00,BLD_002,UNIT_BLD_002_102,TANK_BLD_002_02,5.2,1.31
2025-10-02 08:00:00,BLD_002,UNIT_BLD_002_102,TANK_BLD_002_02,58.6,14.65
2025-10-02 12:00:00,BLD_002,UNIT_BLD_002_102,TANK_BLD_002_02,15.6,3.9
2025-10-02 16:00:00,BLD_002,UNIT_BLD_002_102,TANK_BLD_002_02,23.4,5.86
2025-10-02 20:00:00,BLD_002,UNIT_BLD_002_102,TANK_BLD_002_02,45.3,11.31
2025-10-03 00:00:00,BLD_002,UNIT_BLD_002_102,TANK_BLD_002_02,6.7,1.67
2025-10-03 04:00:00,BLD_002,UNIT_BLD_002_102,TANK_BLD_002_02,7.0,1.76
2025-10-03 08:00:00,BLD_002,UNIT_BLD_002_102,TANK_BLD_002_02,35.5,8.89
2025-10-03 12:00:00,BLD_002,UNIT_BLD_002_102,TANK_BLD_002_02,20.2,5.04
2025-10-03 16:00:00,BLD_002,UNIT_BLD_002_102,TANK_BLD_002_02,16.9,4.23
2025-10-03 20:00:00,BLD_002,UNIT_BLD_002_102,TANK_BLD_002_02,57.9,14.47
2025-10-04 00:00:00,BLD_002,UNIT_BLD_002_102,TANK_BLD_002_02,9.0,2.26
2025-10-04 04:00:00,BLD_002,UNIT_BLD_002_102,TANK_BLD_002_02,10.7,2.68
2025-10-04 08:00:00,BLD_002,UNIT_BLD_002_102,TANK_BLD_002_02,53.7,13.42
2025-10-04 12:00:00,BLD_002,UNIT_BLD_002_102,TANK_BLD_002_02,22.1,5.52
2025-10-04 16:00:00,BLD_002,UNIT_BLD_002_102,TANK_BLD_002_02,25.6,6.4
2025-10-04 20:00:00,BLD_002,UNIT_BLD_002_102,TANK_BLD_002_02,43.7,10.93
2025-10-05 00:00:00,BLD_002,UNIT_BLD_002_102,TANK_BLD_002_02,5.6,1.4
2025-10-05 04:00:00,BLD_002,UNIT_BLD_002_102,TANK_BLD_002_02,8.3,2.08
2025-10-05 08:00:00,BLD_002,UNIT_BLD_002_102,TANK_BLD_002_02,35.8,8.94
2025-10-05 12:00:00,BLD_002,UNIT_BLD_002_102,TANK_BLD_002_02,29.8,7.45
2025-10-05 16:00:00,BLD_002,UNIT_BLD_002_102,TANK_BLD_002_02,25.8,6.46
2025-10-05 20:00:00,BLD_002,UNIT_BLD_002_102,TANK_BLD_002_02,71.6,17.91
2025-10-06 00:00:00,BLD_002,UNIT_BLD_002_102,TANK_BLD_002_02,8.1,2.02
2025-10-06 04:00:00,BLD_002,UNIT_BLD_002_102,TANK_BLD_002_02,8.9,2.22
2025-10-06 08:00:00,BLD_002,UNIT_BLD_002_102,TANK_BLD_002_02,45.4,11.35
2025-10-06 12:00:00,BLD_002,UNIT_BLD_002_102,TANK_BLD_002_02,23.5,5.88
2025-10-06 16:00:00,BLD_002,UNIT_BLD_002_102,TANK_BLD_002_02,15.1,3.78
2025-10-06 20:00:00,BLD_002,UNIT_BLD_002_102,TANK_BLD_002_02,24.6,6.14
2025-10-07 00:00:00,BLD_002,UNIT_BLD_002_102,TANK_BLD_002_02,66.1,16.53
2025-10-07 04:00:00,BLD_002,UNIT_BLD_002_102,TANK_BLD_002_02,56.2,14.04
2025-10-07 08:00:00,BLD_002,UNIT_BLD_002_102,TANK_BLD_002_02,142.2,35.54
2025-10-07 12:00:00,BLD_002,UNIT_BLD_002_102,TANK_BLD_002_02,117.2,29.31
2025-10-07 16:00:00,BLD_002,UNIT_BLD_002_102,TANK_BLD_002_02,69.0,17.24
2025-10-07 20:00:00,BLD_002,UNIT_BLD_002_102,TANK_BLD_002_02,139.4,34.84
2025-10-08 00:00:00,BLD_002,UNIT_BLD_002_102,TANK_BLD_002_02,92.3,23.07
2025-10-08 04:00:00,BLD_002,UNIT_BLD_002_102,TANK_BLD_002_02,54.5,13.61
2025-10-08 08:00:00,BLD_002,UNIT_BLD_002_102,TANK_BLD_002_02,114.1,28.54
2025-10-08 12:00:00,BLD_002,UNIT_BLD_002_102,TANK_BLD_002_02,81.3,20.32
2025-10-08 16:00:00,BLD_002,UNIT_BLD_002_102,TANK_BLD_002_02,101.2,25.3
2025-10-08 20:00:00,BLD_002,UNIT_BLD_002_102,TANK_BLD_002_02,101.6,25.39
2025-10-09 00:00:00,BLD_002,UNIT_BLD_002_102,TANK_BLD_002_02,76.5,19.13
2025-10-09 04:00:00,BLD_002,UNIT_BLD_002_102,TANK_BLD_002_02,67.7,16.93
2025-10-09 08:00:00,BLD_002,UNIT_BLD_002_102,TANK_BLD_002_02,127.1,31.78
2025-10-09 12:00:00,BLD_002,UNIT_BLD_002_102,TANK_BLD_002_02,86.7,21.69
2025-10-09 16:00:00,BLD_002,UNIT_BLD_002_102,TANK_BLD_002_02,82.0,20.49
2025-10-09 20:00:00,BLD_002,UNIT_BLD_002_102,TANK_BLD_002_02,116.8,29.2
2025-10-10 00:00:00,BLD_002,UNIT_BLD_002_102,TANK_BLD_002_02,108.5,27.14
2025-10-10 04:00:00,BLD_002,UNIT_BLD_002_102,TANK_BLD_002_02,71.7,17.94
2025-10-10 08:00:00,BLD_002,UNIT_BLD_002_102,TANK_BLD_002_02,104.4,26.1
2025-10-10 12:00:00,BLD_002,UNIT_BLD_002_102,TANK_BLD_002_02,98.8,24.69
2025-10-10 16:00:00,BLD_002,UNIT_BLD_002_102,TANK_BLD_002_02,87.8,21.96
2025-10-10 20:00:00,BLD_002,UNIT_BLD_002_102,TANK_BLD_002_02,98.8,24.69
2025-10-11 00:00:00,BLD_002,UNIT_BLD_002_102,TANK_BLD_002_02,11.6,2.89
2025-10-11 04:00:00,BLD_002,UNIT_BLD_002_102,TANK_BLD_002_02,7.4,1.86
2025-10-11 08:00:00,BLD_002,UNIT_BLD_002_102,TANK_BLD_002_02,46.2,11.56
2025-10-11 12:00:00,BLD_002,UNIT_BLD_002_102,TANK_BLD_002_02,20.6,5.16
2025-10-11 16:00:00,BLD_002,UNIT_BLD_002_102,TANK_BLD_002_02,26.9,6.73
2025-10-11 20:00:00,BLD_002,UNIT_BLD_002_102,TANK_BLD_002_02,33.2,8.3
2025-10-12 00:00:00,BLD_002,UNIT_BLD_002_102,TANK_BLD_002_02,8.4,2.11
2025-10-12 04:00:00,BLD_002,UNIT_BLD_002_102,TANK_BLD_002_02,11.3,2.83
2025-10-12 08:00:00,BLD_002,UNIT_BLD_002_102,TANK_BLD_002_02,51.3,12.82
2025-10-12 12:00:00,BLD_002,UNIT_BLD_002_102,TANK_BLD_002_02,15.1,3.76
2025-10-12 16:00:00,BLD_002,UNIT_BLD_002_102,TANK_BLD_002_02,17.5,4.38
2025-10-12 20:00:00,BLD_002,UNIT_BLD_002_102,TANK_BLD_002_02,52.1,13.02
2025-10-13 00:00:00,BLD_002,UNIT_BLD_002_102,TANK_BLD_002_02,10.1,2.53
2025-10-13 04:00:00,BLD_002,UNIT_BLD_002_102,TANK_BLD_002_02,7.5,1.86
2025-10-13 08:00:00,BLD_002,UNIT_BLD_002_102,TANK_BLD_002_02,58.3,14.57
2025-10-13 12:00:00,BLD_002,UNIT_BLD_002_102,TANK_BLD_002_02,14.3,3.56
2025-10-13 16:00:00,BLD_002,UNIT_BLD_002_102,TANK_BLD_002_02,14.2,3.56
2025-10-13 20:00:00,BLD_002,UNIT_BLD_002_102,TANK_BLD_002_02,45.2,11.29
2025-10-14 00:00:00,BLD_002,UNIT_BLD_002_102,TANK_BLD_002_02,10.3,2.58
2025-10-14 04:00:00,BLD_002,UNIT_BLD_002_102,TANK_BLD_002_02,8.1,2.03
2025-10-14 08:00:00,BLD_002,UNIT_BLD_002_102,TANK_BLD_002_02,52.9,13.22
2025-10-14 12:00:00,BLD_002,UNIT_BLD_002_102,TANK_BLD_002_02,21.1,5.28
2025-10-14 16:00:00,BLD_002,UNIT_BLD_002_102,TANK_BLD_002_02,24.4,6.11
2025-10-14 20:00:00,BLD_002,UNIT_BLD_002_102,TANK_BLD_002_02,43.9,10.97
2025-10-01 00:00:00,BLD_002,UNIT_BLD_002_103,TANK_BLD_002_02,3.8,0.94
2025-10-01 04:00:00,BLD_002,UNIT_BLD_002_103,TANK_BLD_002_02,2.5,0.63
2025-10-01 08:00:00,BLD_002,UNIT_BLD_002_103,TANK_BLD_002_02,29.9,7.48
2025-10-01 12:00:00,BLD_002,UNIT_BLD_002_103,TANK_BLD_002_02,6.4,1.6
2025-10-01 16:00:00,BLD_002,UNIT_BLD_002_103,TANK_BLD_002_02,6.2,1.56
2025-10-01 20:00:00,BLD_002,UNIT_BLD_002_103,TANK_BLD_002_02,22.7,5.69
2025-10-02 00:00:00,BLD_002,UNIT_BLD_002_103,TANK_BLD_002_02,3.3,0.82
2025-10-02 04:00:00,BLD_002,UNIT_BLD_002_103,TANK_BLD_002_02,3.5,0.87
2025-10-02 08:00:00,BLD_002,UNIT_BLD_002_103,TANK_BLD_002_02,21.1,5.28
2025-10-02 12:00:00,BLD_002,UNIT_BLD_002_103,TANK_BLD_002_02,5.8,1.45
2025-10-02 16:00:00,BLD_002,UNIT_BLD_002_103,TANK_BLD_002_02,11.2,2.81
2025-10-02 20:00:00,BLD_002,UNIT_BLD_002_103,TANK_BLD_002_02,24.5,6.12
2025-10-03 00:00:00,BLD_002,UNIT_BLD_002_103,TANK_BLD_002_02,4.3,1.07
2025-10-03 04:00:00,BLD_002,UNIT_BLD_002_103,TANK_BLD_002_02,2.8,0.69
2025-10-03 08:00:00,BLD_002,UNIT_BLD_002_103,TANK_BLD_002_02,22.1,5.52
2025-10-03 12:00:00,BLD_002,UNIT_BLD_002_103,TANK_BLD_002_02,8.4,2.1
2025-10-03 16:00:00,BLD_002,UNIT_BLD_002_103,TANK_BLD_002_02,10.3,2.56
2025-10-03 20:00:00,BLD_002,UNIT_BLD_002_103,TANK_BLD_002_02,25.8,6.45
2025-10-04 00:00:00,BLD_002,UNIT_BLD_002_103,TANK_BLD_002_02,3.4,0.84
2025-10-04 04:00:00,BLD_002,UNIT_BLD_002_103,TANK_BLD_002_02,2.0,0.5
2025-10-04 08:00:00,BLD_002,UNIT_BLD_002_103,TANK_BLD_002_02,28.9,7.22
2025-10-04 12:00:00,BLD_002,UNIT_BLD_002_103,TANK_BLD_002_02,9.1,2.28
2025-10-04 16:00:00,BLD_002,UNIT_BLD_002_103,TANK_BLD_002_02,6.8,1.7
2025-10-04 20:00:00,BLD_002,UNIT_BLD_002_103,TANK_BLD_002_02,22.0,5.51
2025-10-05 00:00:00,BLD_002,UNIT_BLD_002_103,TANK_BLD_002_02,2.0,0.5
2025-10-05 04:00:00,BLD_002,UNIT_BLD_002_103,TANK_BLD_002_02,4.0,1.01
2025-10-05 08:00:00,BLD_002,UNIT_BLD_002_103,TANK_BLD_002_02,12.6,3.16
2025-10-05 12:00:00,BLD_002,UNIT_BLD_002_103,TANK_BLD_002_02,7.6,1.89
2025-10-05 16:00:00,BLD_002,UNIT_BLD_002_103,TANK_BLD_002_02,8.5,2.12
2025-10-05 20:00:00,BLD_002,UNIT_BLD_002_103,TANK_BLD_002_02,25.2,6.3
2025-10-06 00:00:00,BLD_002,UNIT_BLD_002_103,TANK_BLD_002_02,3.3,0.82
2025-10-06 04:00:00,BLD_002,UNIT_BLD_002_103,TANK_BLD_002_02,3.7,0.93
2025-10-06 08:00:00,BLD_002,UNIT_BLD_002_103,TANK_BLD_002_02,19.9,4.96
2025-10-06 12:00:00,BLD_002,UNIT_BLD_002_103,TANK_BLD_002_02,7.9,1.98
2025-10-06 16:00:00,BLD_002,UNIT_BLD_002_103,TANK_BLD_002_02,8.2,2.04
2025-10-06 20:00:00,BLD_002,UNIT_BLD_002_103,TANK_BLD_002_02,19.1,4.76
2025-10-07 00:00:00,BLD_002,UNIT_BLD_002_103,TANK_BLD_002_02,1.9,0.46
2025-10-07 04:00:00,BLD_002,UNIT_BLD_002_103,TANK_BLD_002_02,2.6,0.65
2025-10-07 08:00:00,BLD_002,UNIT_BLD_002_103,TANK_BLD_002_02,21.2,5.31
2025-10-07 12:00:00,BLD_002,UNIT_BLD_002_103,TANK_BLD_002_02,7.5,1.88
2025-10-07 16:00:00,BLD_002,UNIT_BLD_002_103,TANK_BLD_002_02,7.7,1.92
2025-10-07 20:00:00,BLD_002,UNIT_BLD_002_103,TANK_BLD_002_02,18.4,4.6
2025-10-08 00:00:00,BLD_002,UNIT_BLD_002_103,TANK_BLD_002_02,2.5,0.63
2025-10-08 04:00:00,BLD_002,UNIT_BLD_002_103,TANK_BLD_002_02,2.8,0.7
2025-10-08 08:00:00,BLD_002,UNIT_BLD_002_103,TANK_BLD_002_02,18.5,4.62
2025-10-08 12:00:00,BLD_002,UNIT_BLD_002_103,TANK_BLD_002_02,8.0,2.0
2025-10-08 16:00:00,BLD_002,UNIT_BLD_002_103,TANK_BLD_002_02,8.8,2.2
2025-10-08 20:00:00,BLD_002,UNIT_BLD_002_103,TANK_BLD_002_02,19.1,4.77
2025-10-09 00:00:00,BLD_002,UNIT_BLD_002_103,TANK_BLD_002_02,2.4,0.59
2025-10-09 04:00:00,BLD_002,UNIT_BLD_002_103,TANK_BLD_002_02,2.1,0.52
2025-10-09 08:00:00,BLD_002,UNIT_BLD_002_103,TANK_BLD_002_02,33.0,8.25
2025-10-09 12:00:00,BLD_002,UNIT_BLD_002_103,TANK_BLD_002_02,5.7,1.44
2025-10-09 16:00:00,BLD_002,UNIT_BLD_002_103,TANK_BLD_002_02,7.0,1.74
2025-10-09 20:00:00,BLD_002,UNIT_BLD_002_103,TANK_BLD_002_02,22.6,5.65
2025-10-10 00:00:00,BLD_002,UNIT_BLD_002_103,TANK_BLD_002_02,3.5,0.87
2025-10-10 04:00:00,BLD_002,UNIT_BLD_002_103,TANK_BLD_002_02,3.6,0.9
2025-10-10 08:00:00,BLD_002,UNIT_BLD_002_103,TANK_BLD_002_02,17.8,4.45
2025-10-10 12:00:00,BLD_002,UNIT_BLD_002_103,TANK_BLD_002_02,8.5,2.12
2025-10-10 16:00:00,BLD_002,UNIT_BLD_002_103,TANK_BLD_002_02,8.1,2.03
2025-10-10 20:00:00,BLD_002,UNIT_BLD_002_103,TANK_BLD_002_02,18.4,4.61
2025-10-11 00:00:00,BLD_002,UNIT_BLD_002_103,TANK_BLD_002_02,3.4,0.85
2025-10-11 04:00:00,BLD_002,UNIT_BLD_002_103,TANK_BLD_002_02,4.0,1.01
2025-10-11 08:00:00,BLD_002,UNIT_BLD_002_103,TANK_BLD_002_02,19.9,4.97
2025-10-11 12:00:00,BLD_002,UNIT_BLD_002_103,TANK_BLD_002_02,8.0,1.99
2025-10-11 16:00:00,BLD_002,UNIT_BLD_002_103,TANK_BLD_002_02,10.1,2.53
2025-10-11 20:00:00,BLD_002,UNIT_BLD_002_103,TANK_BLD_002_02,24.8,6.2
2025-10-12 00:00:00,BLD_002,UNIT_BLD_002_103,TANK_BLD_002_02,4.5,1.12
2025-10-12 04:00:00,BLD_002,UNIT_BLD_002_103,TANK_BLD_002_02,1.8,0.45
2025-10-12 08:00:00,BLD_002,UNIT_BLD_002_103,TANK_BLD_002_02,24.5,6.13
2025-10-12 12:00:00,BLD_002,UNIT_BLD_002_103,TANK_BLD_002_02,9.2,2.3
2025-10-12 16:00:00,BLD_002,UNIT_BLD_002_103,TANK_BLD_002_02,6.2,1.56
2025-10-12 20:00:00,BLD_002,UNIT_BLD_002_103,TANK_BLD_002_02,21.3,5.31
2025-10-13 00:00:00,BLD_002,UNIT_BLD_002_103,TANK_BLD_002_02,4.0,1.01
2025-10-13 04:00:00,BLD_002,UNIT_BLD_002_103,TANK_BLD_002_02,2.5,0.63
2025-10-13 08:00:00,BLD_002,UNIT_BLD_002_103,TANK_BLD_002_02,22.2,5.55
2025-10-13 12:00:00,BLD_002,UNIT_BLD_002_103,TANK_BLD_002_02,9.7,2.44
2025-10-13 16:00:00,BLD_002,UNIT_BLD_002_103,TANK_BLD_002_02,5.9,1.46
2025-10-13 20:00:00,BLD_002,UNIT_BLD_002_103,TANK_BLD_002_02,19.3,4.82
2025-10-14 00:00:00,BLD_002,UNIT_BLD_002_103,TANK_BLD_002_02,3.4,0.86
2025-10-14 04:00:00,BLD_002,UNIT_BLD_002_103,TANK_BLD_002_02,2.6,0.64
2025-10-14 08:00:00,BLD_002,UNIT_BLD_002_103,TANK_BLD_002_02,15.6,3.9
2025-10-14 12:00:00,BLD_002,UNIT_BLD_002_103,TANK_BLD_002_02,7.7,1.93
2025-10-14 16:00:00,BLD_002,UNIT_BLD_002_103,TANK_BLD_002_02,9.6,2.4
2025-10-14 20:00:00,BLD_002,UNIT_BLD_002_103,TANK_BLD_002_02,23.2,5.8
2025-10-01 00:00:00,BLD_002,UNIT_BLD_002_104,TANK_BLD_002_02,12.3,3.08
2025-10-01 04:00:00,BLD_002,UNIT_BLD_002_104,TANK_BLD_002_02,16.0,3.99
2025-10-01 08:00:00,BLD_002,UNIT_BLD_002_104,TANK_BLD_002_02,77.5,19.37
2025-10-01 12:00:00,BLD_002,UNIT_BLD_002_104,TANK_BLD_002_02,26.3,6.58
2025-10-01 16:00:00,BLD_002,UNIT_BLD_002_104,TANK_BLD_002_02,33.8,8.45
2025-10-01 20:00:00,BLD_002,UNIT_BLD_002_104,TANK_BLD_002_02,106.8,26.71
2025-10-02 00:00:00,BLD_002,UNIT_BLD_002_104,TANK_BLD_002_02,16.0,3.99
2025-10-02 04:00:00,BLD_002,UNIT_BLD_002_104,TANK_BLD_002_02,14.4,3.6
2025-10-02 08:00:00,BLD_002,UNIT_BLD_002_104,TANK_BLD_002_02,83.7,20.94
2025-10-02 12:00:00,BLD_002,UNIT_BLD_002_104,TANK_BLD_002_02,33.7,8.42
2025-10-02 16:00:00,BLD_002,UNIT_BLD_002_104,TANK_BLD_002_02,36.7,9.16
2025-10-02 20:00:00,BLD_002,UNIT_BLD_002_104,TANK_BLD_002_02,74.0,18.49
2025-10-03 00:00:00,BLD_002,UNIT_BLD_002_104,TANK_BLD_002_02,13.6,3.39
2025-10-03 04:00:00,BLD_002,UNIT_BLD_002_104,TANK_BLD_002_02,13.9,3.47
2025-10-03 08:00:00,BLD_002,UNIT_BLD_002_104,TANK_BLD_002_02,69.7,17.43
2025-10-03 12:00:00,BLD_002,UNIT_BLD_002_104,TANK_BLD_002_02,31.0,7.74
2025-10-03 16:00:00,BLD_002,UNIT_BLD_002_104,TANK_BLD_002_02,38.5,9.62
2025-10-03 20:00:00,BLD_002,UNIT_BLD_002_104,TANK_BLD_002_02,90.1,22.54
2025-10-04 00:00:00,BLD_002,UNIT_BLD_002_104,TANK_BLD_002_02,13.7,3.41
2025-10-04 04:00:00,BLD_002,UNIT_BLD_002_104,TANK_BLD_002_02,12.2,3.05
2025-10-04 08:00:00,BLD_002,UNIT_BLD_002_104,TANK_BLD_002_02,113.7,28.41
2025-10-04 12:00:00,BLD_002,UNIT_BLD_002_104,TANK_BLD_002_02,31.0,7.74
2025-10-04 16:00:00,BLD_002,UNIT_BLD_002_104,TANK_BLD_002_02,37.5,9.38
2025-10-04 20:00:00,BLD_002,UNIT_BLD_002_104,TANK_BLD_002_02,82.7,20.67
2025-10-05 00:00:00,BLD_002,UNIT_BLD_002_104,TANK_BLD_002_02,14.5,3.62
2025-10-05 04:00:00,BLD_002,UNIT_BLD_002_104,TANK_BLD_002_02,15.5,3.87
2025-10-05 08:00:00,BLD_002,UNIT_BLD_002_104,TANK_BLD_002_02,69.4,17.36
2025-10-05 12:00:00,BLD_002,UNIT_BLD_002_104,TANK_BLD_002_02,36.0,8.99
2025-10-05 16:00:00,BLD_002,UNIT_BLD_002_104,TANK_BLD_002_02,43.1,10.79
2025-10-05 20:00:00,BLD_002,UNIT_BLD_002_104,TANK_BLD_002_02,116.4,29.11
2025-10-06 00:00:00,BLD_002,UNIT_BLD_002_104,TANK_BLD_002_02,14.1,3.52
2025-10-06 04:00:00,BLD_002,UNIT_BLD_002_104,TANK_BLD_002_02,14.5,3.63
2025-10-06 08:00:00,BLD_002,UNIT_BLD_002_104,TANK_BLD_002_02,123.2,30.79
2025-10-06 12:00:00,BLD_002,UNIT_BLD_002_104,TANK_BLD_002_02,42.8,10.7
2025-10-06 16:00:00,BLD_002,UNIT_BLD_002_104,TANK_BLD_002_02,32.3,8.07
2025-10-06 20:00:00,BLD_002,UNIT_BLD_002_104,TANK_BLD_002_02,80.7,20.18
2025-10-07 00:00:00,BLD_002,UNIT_BLD_002_104,TANK_BLD_002_02,16.7,4.17
2025-10-07 04:00:00,BLD_002,UNIT_BLD_002_104,TANK_BLD_002_02,12.0,2.99
2025-10-07 08:00:00,BLD_002,UNIT_BLD_002_104,TANK_BLD_002_02,106.3,26.58
2025-10-07 12:00:00,BLD_002,UNIT_BLD_002_104,TANK_BLD_002_02,38.0,9.5
2025-10-07 16:00:00,BLD_002,UNIT_BLD_002_104,TANK_BLD_002_02,39.1,9.78
2025-10-07 20:00:00,BLD_002,UNIT_BLD_002_104,TANK_BLD_002_02,86.1,21.54
2025-10-08 00:00:00,BLD_002,UNIT_BLD_002_104,TANK_BLD_002_02,12.9,3.22
2025-10-08 04:00:00,BLD_002,UNIT_BLD_002_104,TANK_BLD_002_02,17.9,4.48
2025-10-08 08:00:00,BLD_002,UNIT_BLD_002_104,TANK_BLD_002_02,86.3,21.57
2025-10-08 12:00:00,BLD_002,UNIT_BLD_002_104,TANK_BLD_002_02,33.5,8.38
2025-10-08 16:00:00,BLD_002,UNIT_BLD_002_104,TANK_BLD_002_02,35.5,8.88
2025-10-08 20:00:00,BLD_002,UNIT_BLD_002_104,TANK_BLD_002_02,92.9,23.22
2025-10-09 00:00:00,BLD_002,UNIT_BLD_002_104,TANK_BLD_002_02,11.9,2.98
2025-10-09 04:00:00,BLD_002,UNIT_BLD_002_104,TANK_BLD_002_02,13.0,3.26
2025-10-09 08:00:00,BLD_002,UNIT_BLD_002_104,TANK_BLD_002_02,80.7,20.18
2025-10-09 12:00:00,BLD_002,UNIT_BLD_002_104,TANK_BLD_002_02,41.1,10.27
2025-10-09 16:00:00,BLD_002,UNIT_BLD_002_104,TANK_BLD_002_02,30.7,7.67
2025-10-09 20:00:00,BLD_002,UNIT_BLD_002_104,TANK_BLD_002_02,63.7,15.92
2025-10-10 00:00:00,BLD_002,UNIT_BLD_002_104,TANK_BLD_002_02,9.7,2.42
2025-10-10 04:00:00,BLD_002,UNIT_BLD_002_104,TANK_BLD_002_02,10.9,2.72
2025-10-10 08:00:00,BLD_002,UNIT_BLD_002_104,TANK_BLD_002_02,110.4,27.61
2025-10-10 12:00:00,BLD_002,UNIT_BLD_002_104,TANK_BLD_002_02,36.1,9.02
2025-10-10 16:00:00,BLD_002,UNIT_BLD_002_104,TANK_BLD_002_02,39.0,9.75
2025-10-10 20:00:00,BLD_002,UNIT_BLD_002_104,TANK_BLD_002_02,98.0,24.51
2025-10-11 00:00:00,BLD_002,UNIT_BLD_002_104,TANK_BLD_002_02,14.5,3.63
2025-10-11 04:00:00,BLD_002,UNIT_BLD_002_104,TANK_BLD_002_02,14.2,3.56
2025-10-11 08:00:00,BLD_002,UNIT_BLD_002_104,TANK_BLD_002_02,105.7,26.42
2025-10-11 12:00:00,BLD_002,UNIT_BLD_002_104,TANK_BLD_002_02,36.9,9.22
2025-10-11 16:00:00,BLD_002,UNIT_BLD_002_104,TANK_BLD_002_02,44.4,11.1
2025-10-11 20:00:00,BLD_002,UNIT_BLD_002_104,TANK_BLD_002_02,99.3,24.83
2025-10-12 00:00:00,BLD_002,UNIT_BLD_002_104,TANK_BLD_002_02,12.9,3.23
2025-10-12 04:00:00,BLD_002,UNIT_BLD_002_104,TANK_BLD_002_02,13.2,3.3
2025-10-12 08:00:00,BLD_002,UNIT_BLD_002_104,TANK_BLD_002_02,79.1,19.77
2025-10-12 12:00:00,BLD_002,UNIT_BLD_002_104,TANK_BLD_002_02,43.3,10.83
2025-10-12 16:00:00,BLD_002,UNIT_BLD_002_104,TANK_BLD_002_02,33.6,8.39
2025-10-12 20:00:00,BLD_002,UNIT_BLD_002_104,TANK_BLD_002_02,78.0,19.51
2025-10-13 00:00:00,BLD_002,UNIT_BLD_002_104,TANK_BLD_002_02,15.2,3.79
2025-10-13 04:00:00,BLD_002,UNIT_BLD_002_104,TANK_BLD_002_02,14.2,3.54
2025-10-13 08:00:00,BLD_002,UNIT_BLD_002_104,TANK_BLD_002_02,94.4,23.6
2025-10-13 12:00:00,BLD_002,UNIT_BLD_002_104,TANK_BLD_002_02,47.3,11.83
2025-10-13 16:00:00,BLD_002,UNIT_BLD_002_104,TANK_BLD_002_02,41.5,10.37
2025-10-13 20:00:00,BLD_002,UNIT_BLD_002_104,TANK_BLD_002_02,90.4,22.6
2025-10-14 00:00:00,BLD_002,UNIT_BLD_002_104,TANK_BLD_002_02,11.0,2.75
2025-10-14 04:00:00,BLD_002,UNIT_BLD_002_104,TANK_BLD_002_02,13.2,3.3
2025-10-14 08:00:00,BLD_002,UNIT_BLD_002_104,TANK_BLD_002_02,100.7,25.17
2025-10-14 12:00:00,BLD_002,UNIT_BLD_002_104,TANK_BLD_002_02,29.0,7.24
2025-10-14 16:00:00,BLD_002,UNIT_BLD_002_104,TANK_BLD_002_02,48.8,12.21
2025-10-14 20:00:00,BLD_002,UNIT_BLD_002_104,TANK_BLD_002_02,90.2,22.55
2025-10-01 00:00:00,BLD_002,UNIT_BLD_002_105,TANK_BLD_002_02,2.4,0.59
2025-10-01 04:00:00,BLD_002,UNIT_BLD_002_105,TANK_BLD_002_02,4.2,1.04
2025-10-01 08:00:00,BLD_002,UNIT_BLD_002_105,TANK_BLD_002_02,12.4,3.09
2025-10-01 12:00:00,BLD_002,UNIT_BLD_002_105,TANK_BLD_002_02,12.2,3.05
2025-10-01 16:00:00,BLD_002,UNIT_BLD_002_105,TANK_BLD_002_02,5.9,1.49
2025-10-01 20:00:00,BLD_002,UNIT_BLD_002_105,TANK_BLD_002_02,26.9,6.72
2025-10-02 00:00:00,BLD_002,UNIT_BLD_002_105,TANK_BLD_002_02,3.2,0.79
2025-10-02 04:00:00,BLD_002,UNIT_BLD_002_105,TANK_BLD_002_02,17.4,4.35
2025-10-02 08:00:00,BLD_002,UNIT_BLD_002_105,TANK_BLD_002_02,20.1,5.02
2025-10-02 12:00:00,BLD_002,UNIT_BLD_002_105,TANK_BLD_002_02,9.6,2.4
2025-10-02 16:00:00,BLD_002,UNIT_BLD_002_105,TANK_BLD_002_02,6.4,1.6
2025-10-02 20:00:00,BLD_002,UNIT_BLD_002_105,TANK_BLD_002_02,99.1,24.78
2025-10-03 00:00:00,BLD_002,UNIT_BLD_002_105,TANK_BLD_002_02,4.7,1.18
2025-10-03 04:00:00,BLD_002,UNIT_BLD_002_105,TANK_BLD_002_02,1.6,0.4
2025-10-03 08:00:00,BLD_002,UNIT_BLD_002_105,TANK_BLD_002_02,26.9,6.74
2025-10-03 12:00:00,BLD_002,UNIT_BLD_002_105,TANK_BLD_002_02,4.4,1.11
2025-10-03 16:00:00,BLD_002,UNIT_BLD_002_105,TANK_BLD_002_02,50.8,12.71
2025-10-03 20:00:00,BLD_002,UNIT_BLD_002_105,TANK_BLD_002_02,19.0,4.76
2025-10-04 00:00:00,BLD_002,UNIT_BLD_002_105,TANK_BLD_002_02,22.5,5.61
2025-10-04 04:00:00,BLD_002,UNIT_BLD_002_105,TANK_BLD_002_02,5.5,1.39
2025-10-04 08:00:00,BLD_002,UNIT_BLD_002_105,TANK_BLD_002_02,119.3,29.83
2025-10-04 12:00:00,BLD_002,UNIT_BLD_002_105,TANK_BLD_002_02,10.5,2.63
2025-10-04 16:00:00,BLD_002,UNIT_BLD_002_105,TANK_BLD_002_02,13.2,3.31
2025-10-04 20:00:00,BLD_002,UNIT_BLD_002_105,TANK_BLD_002_02,118.0,29.5
2025-10-05 00:00:00,BLD_002,UNIT_BLD_002_105,TANK_BLD_002_02,4.8,1.21
2025-10-05 04:00:00,BLD_002,UNIT_BLD_002_105,TANK_BLD_002_02,17.4,4.34
2025-10-05 08:00:00,BLD_002,UNIT_BLD_002_105,TANK_BLD_002_02,27.4,6.85
2025-10-05 12:00:00,BLD_002,UNIT_BLD_002_105,TANK_BLD_002_02,52.6,13.15
2025-10-05 16:00:00,BLD_002,UNIT_BLD_002_105,TANK_BLD_002_02,10.7,2.69
2025-10-05 20:00:00,BLD_002,UNIT_BLD_002_105,TANK_BLD_002_02,38.3,9.57
2025-10-06 00:00:00,BLD_002,UNIT_BLD_002_105,TANK_BLD_002_02,14.1,3.53
2025-10-06 04:00:00,BLD_002,UNIT_BLD_002_105,TANK_BLD_002_02,4.3,1.08
2025-10-06 08:00:00,BLD_002,UNIT_BLD_002_105,TANK_BLD_002_02,26.6,6.66
2025-10-06 12:00:00,BLD_002,UNIT_BLD_002_105,TANK_BLD_002_02,10.3,2.59
2025-10-06 16:00:00,BLD_002,UNIT_BLD_002_105,TANK_BLD_002_02,13.5,3.38
2025-10-06 20:00:00,BLD_002,UNIT_BLD_002_105,TANK_BLD_002_02,18.4,4.59
2025-10-07 00:00:00,BLD_002,UNIT_BLD_002_105,TANK_BLD_002_02,24.6,6.15
2025-10-07 04:00:00,BLD_002,UNIT_BLD_002_105,TANK_BLD_002_02,20.7,5.17
2025-10-07 08:00:00,BLD_002,UNIT_BLD_002_105,TANK_BLD_002_02,16.7,4.17
2025-10-07 12:00:00,BLD_002,UNIT_BLD_002_105,TANK_BLD_002_02,11.1,2.76
2025-10-07 16:00:00,BLD_002,UNIT_BLD_002_105,TANK_BLD_002_02,52.3,13.07
2025-10-07 20:00:00,BLD_002,UNIT_BLD_002_105,TANK_BLD_002_02,14.3,3.58
2025-10-08 00:00:00,BLD_002,UNIT_BLD_002_105,TANK_BLD_002_02,3.9,0.99
2025-10-08 04:00:00,BLD_002,UNIT_BLD_002_105,TANK_BLD_002_02,5.3,1.31
2025-10-08 08:00:00,BLD_002,UNIT_BLD_002_105,TANK_BLD_002_02,27.4,6.86
2025-10-08 12:00:00,BLD_002,UNIT_BLD_002_105,TANK_BLD_002_02,4.9,1.23
2025-10-08 16:00:00,BLD_002,UNIT_BLD_002_105,TANK_BLD_002_02,9.7,2.42
2025-10-08 20:00:00,BLD_002,UNIT_BLD_002_105,TANK_BLD_002_02,97.5,24.38
2025-10-09 00:00:00,BLD_002,UNIT_BLD_002_105,TANK_BLD_002_02,3.2,0.79
2025-10-09 04:00:00,BLD_002,UNIT_BLD_002_105,TANK_BLD_002_02,8.3,2.07
2025-10-09 08:00:00,BLD_002,UNIT_BLD_002_105,TANK_BLD_002_02,31.7,7.93
2025-10-09 12:00:00,BLD_002,UNIT_BLD_002_105,TANK_BLD_002_02,9.1,2.28
2025-10-09 16:00:00,BLD_002,UNIT_BLD_002_105,TANK_BLD_002_02,54.1,13.52
2025-10-09 20:00:00,BLD_002,UNIT_BLD_002_105,TANK_BLD_002_02,143.5,35.88
2025-10-10 00:00:00,BLD_002,UNIT_BLD_002_105,TANK_BLD_002_02,24.6,6.14
2025-10-10 04:00:00,BLD_002,UNIT_BLD_002_105,TANK_BLD_002_02,5.4,1.36
2025-10-10 08:00:00,BLD_002,UNIT_BLD_002_105,TANK_BLD_002_02,33.9,8.47
2025-10-10 12:00:00,BLD_002,UNIT_BLD_002_105,TANK_BLD_002_02,12.1,3.03
2025-10-10 16:00:00,BLD_002,UNIT_BLD_002_105,TANK_BLD_002_02,61.0,15.25
2025-10-10 20:00:00,BLD_002,UNIT_BLD_002_105,TANK_BLD_002_02,19.0,4.74
2025-10-11 00:00:00,BLD_002,UNIT_BLD_002_105,TANK_BLD_002_02,20.6,5.15
2025-10-11 04:00:00,BLD_002,UNIT_BLD_002_105,TANK_BLD_002_02,3.3,0.83
2025-10-11 08:00:00,BLD_002,UNIT_BLD_002_105,TANK_BLD_002_02,9.9,2.48
2025-10-11 12:00:00,BLD_002,UNIT_BLD_002_105,TANK_BLD_002_02,50.6,12.65
2025-10-11 16:00:00,BLD_002,UNIT_BLD_002_105,TANK_BLD_002_02,46.9,11.73
2025-10-11 20:00:00,BLD_002,UNIT_BLD_002_105,TANK_BLD_002_02,90.9,22.72
2025-10-12 00:00:00,BLD_002,UNIT_BLD_002_105,TANK_BLD_002_02,21.8,5.45
2025-10-12 04:00:00,BLD_002,UNIT_BLD_002_105,TANK_BLD_002_02,4.4,1.09
2025-10-12 08:00:00,BLD_002,UNIT_BLD_002_105,TANK_BLD_002_02,27.4,6.85
2025-10-12 12:00:00,BLD_002,UNIT_BLD_002_105,TANK_BLD_002_02,7.8,1.95
2025-10-12 16:00:00,BLD_002,UNIT_BLD_002_105,TANK_BLD_002_02,6.7,1.69
2025-10-12 20:00:00,BLD_002,UNIT_BLD_002_105,TANK_BLD_002_02,31.6,7.9
2025-10-13 00:00:00,BLD_002,UNIT_BLD_002_105,TANK_BLD_002_02,19.1,4.77
2025-10-13 04:00:00,BLD_002,UNIT_BLD_002_105,TANK_BLD_002_02,22.0,5.49
2025-10-13 08:00:00,BLD_002,UNIT_BLD_002_105,TANK_BLD_002_02,29.0,7.26
2025-10-13 12:00:00,BLD_002,UNIT_BLD_002_105,TANK_BLD_002_02,9.0,2.25
2025-10-13 16:00:00,BLD_002,UNIT_BLD_002_105,TANK_BLD_002_02,8.4,2.09
2025-10-13 20:00:00,BLD_002,UNIT_BLD_002_105,TANK_BLD_002_02,23.7,5.94
2025-10-14 00:00:00,BLD_002,UNIT_BLD_002_105,TANK_BLD_002_02,24.2,6.05
2025-10-14 04:00:00,BLD_002,UNIT_BLD_002_105,TANK_BLD_002_02,2.0,0.5
2025-10-14 08:00:00,BLD_002,UNIT_BLD_002_105,TANK_BLD_002_02,128.7,32.18
2025-10-14 12:00:00,BLD_002,UNIT_BLD_002_105,TANK_BLD_002_02,42.5,10.62
2025-10-14 16:00:00,BLD_002,UNIT_BLD_002_105,TANK_BLD_002_02,8.7,2.16
2025-10-14 20:00:00,BLD_002,UNIT_BLD_002_105,TANK_BLD_002_02,150.4,37.6
